-- MySQL dump 10.16  Distrib 10.1.26-MariaDB, for debian-linux-gnu (x86_64)
--
-- Host: localhost    Database: db
-- ------------------------------------------------------
-- Server version	10.1.26-MariaDB-0+deb9u1

/*!40101 SET @OLD_CHARACTER_SET_CLIENT=@@CHARACTER_SET_CLIENT */;
/*!40101 SET @OLD_CHARACTER_SET_RESULTS=@@CHARACTER_SET_RESULTS */;
/*!40101 SET @OLD_COLLATION_CONNECTION=@@COLLATION_CONNECTION */;
/*!40101 SET NAMES utf8mb4 */;
/*!40103 SET @OLD_TIME_ZONE=@@TIME_ZONE */;
/*!40103 SET TIME_ZONE='+00:00' */;
/*!40014 SET @OLD_UNIQUE_CHECKS=@@UNIQUE_CHECKS, UNIQUE_CHECKS=0 */;
/*!40014 SET @OLD_FOREIGN_KEY_CHECKS=@@FOREIGN_KEY_CHECKS, FOREIGN_KEY_CHECKS=0 */;
/*!40101 SET @OLD_SQL_MODE=@@SQL_MODE, SQL_MODE='NO_AUTO_VALUE_ON_ZERO' */;
/*!40111 SET @OLD_SQL_NOTES=@@SQL_NOTES, SQL_NOTES=0 */;

--
-- Table structure for table `Country`
--

DROP TABLE IF EXISTS `Country`;
/*!40101 SET @saved_cs_client     = @@character_set_client */;
/*!40101 SET character_set_client = utf8 */;
CREATE TABLE `Country` (
  `id` int(11) DEFAULT NULL,
  `name` text
) ENGINE=InnoDB DEFAULT CHARSET=utf8mb4;
/*!40101 SET character_set_client = @saved_cs_client */;

--
-- Dumping data for table `Country`
--

LOCK TABLES `Country` WRITE;
/*!40000 ALTER TABLE `Country` DISABLE KEYS */;
INSERT INTO `Country` VALUES (1,'Belgium'),(1729,'England'),(4769,'France'),(7809,'Germany'),(10257,'Italy'),(13274,'Netherlands'),(15722,'Poland'),(17642,'Portugal'),(19694,'Scotland'),(21518,'Spain'),(24558,'Switzerland');
/*!40000 ALTER TABLE `Country` ENABLE KEYS */;
UNLOCK TABLES;

--
-- Table structure for table `League`
--

DROP TABLE IF EXISTS `League`;
/*!40101 SET @saved_cs_client     = @@character_set_client */;
/*!40101 SET character_set_client = utf8 */;
CREATE TABLE `League` (
  `id` int(11) DEFAULT NULL,
  `country_id` int(11) DEFAULT NULL,
  `name` text
) ENGINE=InnoDB DEFAULT CHARSET=utf8mb4;
/*!40101 SET character_set_client = @saved_cs_client */;

--
-- Dumping data for table `League`
--

LOCK TABLES `League` WRITE;
/*!40000 ALTER TABLE `League` DISABLE KEYS */;
INSERT INTO `League` VALUES (1,1,'Belgium Jupiler League'),(1729,1729,'England Premier League'),(4769,4769,'France Ligue 1'),(7809,7809,'Germany 1. Bundesliga'),(10257,10257,'Italy Serie A'),(13274,13274,'Netherlands Eredivisie'),(15722,15722,'Poland Ekstraklasa'),(17642,17642,'Portugal Liga ZON Sagres'),(19694,19694,'Scotland Premier League'),(21518,21518,'Spain LIGA BBVA'),(24558,24558,'Switzerland Super League');
/*!40000 ALTER TABLE `League` ENABLE KEYS */;
UNLOCK TABLES;

--
-- Table structure for table `Match`
--

DROP TABLE IF EXISTS `Match`;
/*!40101 SET @saved_cs_client     = @@character_set_client */;
/*!40101 SET character_set_client = utf8 */;
CREATE TABLE `Match` (
  `id` int(11) DEFAULT NULL,
  `country_id` int(11) DEFAULT NULL,
  `league_id` int(11) DEFAULT NULL,
  `season` text,
  `stage` int(11) DEFAULT NULL,
  `date` text,
  `match_api_id` int(11) DEFAULT NULL,
  `home_team_api_id` int(11) DEFAULT NULL,
  `away_team_api_id` int(11) DEFAULT NULL,
  `home_team_goal` int(11) DEFAULT NULL,
  `away_team_goal` int(11) DEFAULT NULL,
  `home_player_X1` int(11) DEFAULT NULL,
  `home_player_X2` int(11) DEFAULT NULL,
  `home_player_X3` int(11) DEFAULT NULL,
  `home_player_X4` int(11) DEFAULT NULL,
  `home_player_X5` int(11) DEFAULT NULL,
  `home_player_X6` int(11) DEFAULT NULL,
  `home_player_X7` int(11) DEFAULT NULL,
  `home_player_X8` int(11) DEFAULT NULL,
  `home_player_X9` int(11) DEFAULT NULL,
  `home_player_X10` int(11) DEFAULT NULL,
  `home_player_X11` int(11) DEFAULT NULL,
  `away_player_X1` int(11) DEFAULT NULL,
  `away_player_X2` int(11) DEFAULT NULL,
  `away_player_X3` int(11) DEFAULT NULL,
  `away_player_X4` int(11) DEFAULT NULL,
  `away_player_X5` int(11) DEFAULT NULL,
  `away_player_X6` int(11) DEFAULT NULL,
  `away_player_X7` int(11) DEFAULT NULL,
  `away_player_X8` int(11) DEFAULT NULL,
  `away_player_X9` int(11) DEFAULT NULL,
  `away_player_X10` int(11) DEFAULT NULL,
  `away_player_X11` int(11) DEFAULT NULL,
  `home_player_Y1` int(11) DEFAULT NULL,
  `home_player_Y2` int(11) DEFAULT NULL,
  `home_player_Y3` int(11) DEFAULT NULL,
  `home_player_Y4` int(11) DEFAULT NULL,
  `home_player_Y5` int(11) DEFAULT NULL,
  `home_player_Y6` int(11) DEFAULT NULL,
  `home_player_Y7` int(11) DEFAULT NULL,
  `home_player_Y8` int(11) DEFAULT NULL,
  `home_player_Y9` int(11) DEFAULT NULL,
  `home_player_Y10` int(11) DEFAULT NULL,
  `home_player_Y11` int(11) DEFAULT NULL,
  `away_player_Y1` int(11) DEFAULT NULL,
  `away_player_Y2` int(11) DEFAULT NULL,
  `away_player_Y3` int(11) DEFAULT NULL,
  `away_player_Y4` int(11) DEFAULT NULL,
  `away_player_Y5` int(11) DEFAULT NULL,
  `away_player_Y6` int(11) DEFAULT NULL,
  `away_player_Y7` int(11) DEFAULT NULL,
  `away_player_Y8` int(11) DEFAULT NULL,
  `away_player_Y9` int(11) DEFAULT NULL,
  `away_player_Y10` int(11) DEFAULT NULL,
  `away_player_Y11` int(11) DEFAULT NULL,
  `home_player_1` int(11) DEFAULT NULL,
  `home_player_2` int(11) DEFAULT NULL,
  `home_player_3` int(11) DEFAULT NULL,
  `home_player_4` int(11) DEFAULT NULL,
  `home_player_5` int(11) DEFAULT NULL,
  `home_player_6` int(11) DEFAULT NULL,
  `home_player_7` int(11) DEFAULT NULL,
  `home_player_8` int(11) DEFAULT NULL,
  `home_player_9` int(11) DEFAULT NULL,
  `home_player_10` int(11) DEFAULT NULL,
  `home_player_11` int(11) DEFAULT NULL,
  `away_player_1` int(11) DEFAULT NULL,
  `away_player_2` int(11) DEFAULT NULL,
  `away_player_3` int(11) DEFAULT NULL,
  `away_player_4` int(11) DEFAULT NULL,
  `away_player_5` int(11) DEFAULT NULL,
  `away_player_6` int(11) DEFAULT NULL,
  `away_player_7` int(11) DEFAULT NULL,
  `away_player_8` int(11) DEFAULT NULL,
  `away_player_9` int(11) DEFAULT NULL,
  `away_player_10` int(11) DEFAULT NULL,
  `away_player_11` int(11) DEFAULT NULL,
  `goal` text,
  `shoton` text,
  `shotoff` text,
  `foulcommit` text,
  `card` text,
  `cross` text,
  `corner` text,
  `possession` text,
  `B365H` text,
  `B365D` text,
  `B365A` text,
  `BWH` text,
  `BWD` text,
  `BWA` text,
  `IWH` text,
  `IWD` text,
  `IWA` text,
  `LBH` text,
  `LBD` text,
  `LBA` text,
  `PSH` text,
  `PSD` text,
  `PSA` text,
  `WHH` text,
  `WHD` text,
  `WHA` text,
  `SJH` text,
  `SJD` text,
  `SJA` text,
  `VCH` text,
  `VCD` text,
  `VCA` text,
  `GBH` text,
  `GBD` text,
  `GBA` text,
  `BSH` text,
  `BSD` text,
  `BSA` text
) ENGINE=InnoDB DEFAULT CHARSET=utf8mb4;
/*!40101 SET character_set_client = @saved_cs_client */;

--
-- Dumping data for table `Match`
--

LOCK TABLES `Match` WRITE;
/*!40000 ALTER TABLE `Match` DISABLE KEYS */;
INSERT INTO `Match` VALUES (1,1,1,'2008/2009',1,'2008-08-17 00:00:00',492473,9987,9993,1,1,0,0,0,0,0,0,0,0,0,0,0,0,0,0,0,0,0,0,0,0,0,0,0,0,0,0,0,0,0,0,0,0,0,0,0,0,0,0,0,0,0,0,0,0,0,0,0,0,0,0,0,0,0,0,0,0,0,0,0,0,0,0,0,0,0,0,'','','','','','','','','1.73','3.4','5','1.75','3.35','4.2','1.85','3.2','3.5','1.8','3.3','3.75','','','','1.7','3.3','4.33','1.9','3.3','4','1.65','3.4','4.5','1.78','3.25','4','1.73','3.4','4.2'),(2,1,1,'2008/2009',1,'2008-08-16 00:00:00',492474,10000,9994,0,0,0,0,0,0,0,0,0,0,0,0,0,0,0,0,0,0,0,0,0,0,0,0,0,0,0,0,0,0,0,0,0,0,0,0,0,0,0,0,0,0,0,0,0,0,0,0,0,0,0,0,0,0,0,0,0,0,0,0,0,0,0,0,0,0,0,0,'','','','','','','','','1.95','3.2','3.6','1.8','3.3','3.95','1.9','3.2','3.5','1.9','3.2','3.5','','','','1.83','3.3','3.6','1.95','3.3','3.8','2','3.25','3.25','1.85','3.25','3.75','1.91','3.25','3.6'),(3,1,1,'2008/2009',1,'2008-08-16 00:00:00',492475,9984,8635,0,3,0,0,0,0,0,0,0,0,0,0,0,0,0,0,0,0,0,0,0,0,0,0,0,0,0,0,0,0,0,0,0,0,0,0,0,0,0,0,0,0,0,0,0,0,0,0,0,0,0,0,0,0,0,0,0,0,0,0,0,0,0,0,0,0,0,0,'','','','','','','','','2.38','3.3','2.75','2.4','3.3','2.55','2.6','3.1','2.3','2.5','3.2','2.5','','','','2.5','3.25','2.4','2.63','3.3','2.5','2.35','3.25','2.65','2.5','3.2','2.5','2.3','3.2','2.75'),(4,1,1,'2008/2009',1,'2008-08-17 00:00:00',492476,9991,9998,5,0,0,0,0,0,0,0,0,0,0,0,0,0,0,0,0,0,0,0,0,0,0,0,0,0,0,0,0,0,0,0,0,0,0,0,0,0,0,0,0,0,0,0,0,0,0,0,0,0,0,0,0,0,0,0,0,0,0,0,0,0,0,0,0,0,0,0,'','','','','','','','','1.44','3.75','7.5','1.4','4','6.8','1.4','3.9','6','1.44','3.6','6.5','','','','1.44','3.75','6','1.44','4','7.5','1.45','3.75','6.5','1.5','3.75','5.5','1.44','3.75','6.5'),(5,1,1,'2008/2009',1,'2008-08-16 00:00:00',492477,7947,9985,1,3,0,0,0,0,0,0,0,0,0,0,0,0,0,0,0,0,0,0,0,0,0,0,0,0,0,0,0,0,0,0,0,0,0,0,0,0,0,0,0,0,0,0,0,0,0,0,0,0,0,0,0,0,0,0,0,0,0,0,0,0,0,0,0,0,0,0,'','','','','','','','','5','3.5','1.65','5','3.5','1.6','4','3.3','1.7','4','3.4','1.72','','','','4.2','3.4','1.7','4.5','3.5','1.73','4.5','3.4','1.65','4.5','3.5','1.65','4.75','3.3','1.67'),(6,1,1,'2008/2009',1,'2008-09-24 00:00:00',492478,8203,8342,1,1,0,0,0,0,0,0,0,0,0,0,0,0,0,0,0,0,0,0,0,0,0,0,0,0,0,0,0,0,0,0,0,0,0,0,0,0,0,0,0,0,0,0,0,0,0,0,0,0,0,0,0,0,0,0,0,0,0,0,0,0,0,0,0,0,0,0,'','','','','','','','','4.75','3.4','1.67','4.85','3.4','1.65','3.7','3.2','1.8','5','3.25','1.62','','','','4.2','3.4','1.7','5.5','3.75','1.67','4.35','3.4','1.7','4.5','3.4','1.7','','',''),(7,1,1,'2008/2009',1,'2008-08-16 00:00:00',492479,9999,8571,2,2,0,0,0,0,0,0,0,0,0,0,0,0,0,0,0,0,0,0,0,0,0,0,0,0,0,0,0,0,0,0,0,0,0,0,0,0,0,0,0,0,0,0,0,0,0,0,0,0,0,0,0,0,0,0,0,0,0,0,0,0,0,0,0,0,0,0,'','','','','','','','','2.1','3.2','3.3','2.05','3.25','3.15','1.85','3.2','3.5','1.83','3.3','3.6','','','','1.83','3.3','3.6','1.91','3.4','3.6','2.1','3.25','3','1.85','3.25','3.75','2.1','3.25','3.1'),(8,1,1,'2008/2009',1,'2008-08-16 00:00:00',492480,4049,9996,1,2,0,0,0,0,0,0,0,0,0,0,0,0,0,0,0,0,0,0,0,0,0,0,0,0,0,0,0,0,0,0,0,0,0,0,0,0,0,0,0,0,0,0,0,0,0,0,0,0,0,0,0,0,0,0,0,0,0,0,0,0,0,0,0,0,0,0,'','','','','','','','','3.2','3.4','2.2','2.55','3.3','2.4','2.4','3.2','2.4','2.5','3.2','2.5','','','','2.7','3.25','2.25','2.6','3.4','2.4','2.8','3.25','2.25','2.8','3.2','2.25','2.88','3.25','2.2'),(9,1,1,'2008/2009',1,'2008-08-16 00:00:00',492481,10001,9986,1,0,0,0,0,0,0,0,0,0,0,0,0,0,0,0,0,0,0,0,0,0,0,0,0,0,0,0,0,0,0,0,0,0,0,0,0,0,0,0,0,0,0,0,0,0,0,0,0,0,0,0,0,0,0,0,0,0,0,0,0,0,0,0,0,0,0,0,'','','','','','','','','2.25','3.25','2.88','2.3','3.25','2.7','2.1','3.1','3','2.25','3.2','2.75','','','','2.2','3.25','2.75','2.2','3.3','3.1','2.25','3.25','2.8','2.2','3.3','2.8','2.25','3.2','2.8'),(10,1,1,'2008/2009',10,'2008-11-01 00:00:00',492564,8342,8571,4,1,0,0,0,0,0,0,0,0,0,0,0,0,0,0,0,0,0,0,0,0,0,0,0,0,0,0,0,0,0,0,0,0,0,0,0,0,0,0,0,0,0,0,0,0,0,0,0,0,0,0,0,0,0,0,0,0,0,0,0,0,0,0,0,0,0,0,'','','','','','','','','1.3','5.25','9.5','1.25','5','10','1.3','4.2','8','1.25','4.5','10','','','','1.35','4.2','7','1.27','5','10','1.3','4.35','8.5','1.25','5','10','1.29','4.5','9'),(11,1,1,'2008/2009',10,'2008-10-31 00:00:00',492565,9985,9986,1,2,0,0,0,0,0,0,0,0,0,0,0,0,0,0,0,0,0,0,0,0,0,0,0,0,0,0,0,0,0,0,0,0,0,0,0,0,0,0,0,0,0,0,0,0,0,0,0,0,0,0,0,0,0,0,0,0,0,0,0,0,0,0,0,0,0,0,'','','','','','','','','1.3','5.25','9.5','1.25','5','10','1.3','4.2','8','1.29','4.33','9','','','','1.25','4.5','9.5','1.27','5','10','1.28','4.5','8.5','1.25','5','10','1.25','5','9'),(12,1,1,'2008/2009',10,'2008-11-02 00:00:00',492566,10000,9991,0,2,0,0,0,0,0,0,0,0,0,0,0,0,0,0,0,0,0,0,0,0,0,0,0,0,0,0,0,0,0,0,0,0,0,0,0,0,0,0,0,0,0,0,0,0,0,0,0,0,0,0,0,0,0,0,0,0,0,0,0,0,0,0,0,0,0,0,'','','','','','','','','2.6','3.2','2.5','2.6','3.2','2.4','2.4','3.2','2.4','2.5','3.2','2.5','','','','2.6','3.1','2.4','2.6','3.25','2.5','2.65','3.3','2.3','2.6','3.25','2.5','2.62','3.2','2.38'),(13,1,1,'2008/2009',10,'2008-11-01 00:00:00',492567,9994,9998,0,0,0,0,0,0,0,0,0,0,0,0,0,0,0,0,0,0,0,0,0,0,0,0,0,0,0,0,0,0,0,0,0,0,0,0,0,0,0,0,0,0,0,0,0,0,0,0,0,0,0,0,0,0,0,0,0,0,0,0,0,0,0,0,0,0,0,0,'','','','','','','','','1.91','3.4','4','1.85','3.35','3.8','1.8','3.1','3.8','1.8','3.3','3.75','','','','1.8','3.3','3.75','1.8','3.3','4.25','2','3.2','3.4','1.85','3.3','4','1.83','3.3','3.8'),(14,1,1,'2008/2009',10,'2008-11-01 00:00:00',492568,7947,10001,2,2,0,0,0,0,0,0,0,0,0,0,0,0,0,0,0,0,0,0,0,0,0,0,0,0,0,0,0,0,0,0,0,0,0,0,0,0,0,0,0,0,0,0,0,0,0,0,0,0,0,0,0,0,0,0,0,0,0,0,0,0,0,0,0,0,0,0,'','','','','','','','','2.9','3.3','2.38','2.75','3.3','2.25','2.5','3.2','2.3','2.6','3.2','2.38','','','','2.75','3.2','2.25','2.8','3.2','2.38','2.75','3.2','2.3','2.75','3.25','2.35','2.75','3.2','2.3'),(15,1,1,'2008/2009',10,'2008-11-01 00:00:00',492569,8203,9999,1,2,0,0,0,0,0,0,0,0,0,0,0,0,0,0,0,0,0,0,0,0,0,0,0,0,0,0,0,0,0,0,0,0,0,0,0,0,0,0,0,0,0,0,0,0,0,0,0,0,0,0,0,0,0,0,0,0,0,0,0,0,0,0,0,0,0,0,'','','','','','','','','1.7','3.3','4.5','1.75','3.45','4','1.7','3.2','4.2','1.67','3.3','4.5','','','','1.7','3.4','4.2','1.7','3.4','4.75','1.7','3.4','4.35','1.75','3.4','4.25','1.7','3.4','4.33'),(16,1,1,'2008/2009',10,'2008-11-01 00:00:00',492570,9996,9984,0,1,0,0,0,0,0,0,0,0,0,0,0,0,0,0,0,0,0,0,0,0,0,0,0,0,0,0,0,0,0,0,0,0,0,0,0,0,0,0,0,0,0,0,0,0,0,0,0,0,0,0,0,0,0,0,0,0,0,0,0,0,0,0,0,0,0,0,'','','','','','','','','2.35','3.3','3','2.35','3.25','2.7','2.2','3.1','2.8','2.2','3.2','2.8','','','','2.2','3.2','2.8','2.3','3.25','2.88','2.2','3.25','2.9','2.3','3.25','2.85','2.3','3.2','2.75'),(17,1,1,'2008/2009',10,'2008-11-01 00:00:00',492571,4049,9987,1,3,0,0,0,0,0,0,0,0,0,0,0,0,0,0,0,0,0,0,0,0,0,0,0,0,0,0,0,0,0,0,0,0,0,0,0,0,0,0,0,0,0,0,0,0,0,0,0,0,0,0,0,0,0,0,0,0,0,0,0,0,0,0,0,0,0,0,'','','','','','','','','6','3.75','1.57','5.1','3.6','1.55','4.6','3.4','1.6','5.5','3.6','1.5','','','','5.25','3.5','1.55','5.25','3.5','1.62','5.5','3.5','1.55','5.25','3.6','1.6','6','3.6','1.5'),(18,1,1,'2008/2009',10,'2008-11-02 00:00:00',492572,9993,8635,1,3,0,0,0,0,0,0,0,0,0,0,0,0,0,0,0,0,0,0,0,0,0,0,0,0,0,0,0,0,0,0,0,0,0,0,0,0,0,0,0,0,0,0,0,0,0,0,0,0,0,0,0,0,0,0,0,0,0,0,0,0,0,0,0,0,0,0,'','','','','','','','','4','3.25','1.83','4.3','3.5','1.68','3.7','3.2','1.8','4','3.4','1.73','','','','4','3.3','1.75','4.25','3.3','1.8','3.6','3.25','1.9','4.1','3.4','1.8','3.8','3.3','1.83'),(19,1,1,'2008/2009',11,'2008-11-08 00:00:00',492573,8635,9994,2,3,0,0,0,0,0,0,0,0,0,0,0,0,0,0,0,0,0,0,0,0,0,0,0,0,0,0,0,0,0,0,0,0,0,0,0,0,0,0,0,0,0,0,0,0,0,0,0,0,0,0,0,0,0,0,0,0,0,0,0,0,0,0,0,0,0,0,'','','','','','','','','1.36','4.75','8.5','1.25','5','9','1.3','4.2','8','1.36','4','7','','','','1.3','4.2','8.5','1.33','4.5','9','1.28','4.5','8.5','1.3','4.75','7.5','1.3','4.5','8.5'),(20,1,1,'2008/2009',11,'2008-11-08 00:00:00',492574,9998,9996,0,0,0,0,0,0,0,0,0,0,0,0,0,0,0,0,0,0,0,0,0,0,0,0,0,0,0,0,0,0,0,0,0,0,0,0,0,0,0,0,0,0,0,0,0,0,0,0,0,0,0,0,0,0,0,0,0,0,0,0,0,0,0,0,0,0,0,0,'','','','','','','','','2.4','3.3','2.9','2.25','3.2','2.8','2.2','3.1','2.8','2.5','3.2','2.5','','','','2.3','3.25','2.6','2.4','3.3','2.75','2.35','3.25','2.65','2.3','3.2','2.75','2.3','3.25','2.7'),(21,1,1,'2008/2009',11,'2008-11-09 00:00:00',492575,9986,8342,2,2,0,0,0,0,0,0,0,0,0,0,0,0,0,0,0,0,0,0,0,0,0,0,0,0,0,0,0,0,0,0,0,0,0,0,0,0,0,0,0,0,0,0,0,0,0,0,0,0,0,0,0,0,0,0,0,0,0,0,0,0,0,0,0,0,0,0,'','','','','','','','','3.2','3.3','2.25','3.25','3.2','2.1','3.1','3','2.1','2.75','3.25','2.2','','','','3','3.2','2.1','3.3','3.3','2.1','3.25','3.25','2','3.1','3.2','2.15','3.1','3.25','2.1'),(22,1,1,'2008/2009',11,'2008-11-07 00:00:00',492576,9984,10000,2,0,0,0,0,0,0,0,0,0,0,0,0,0,0,0,0,0,0,0,0,0,0,0,0,0,0,0,0,0,0,0,0,0,0,0,0,0,0,0,0,0,0,0,0,0,0,0,0,0,0,0,0,0,0,0,0,0,0,0,0,0,0,0,0,0,0,0,'','','','','','','','','1.75','3.75','4.33','1.85','3.35','3.65','1.75','3.2','4','1.73','3.4','4','','','','1.8','3.4','3.6','1.85','3.5','4.25','1.75','3.25','4.35','1.8','3.3','4.2','1.7','3.3','4.5'),(23,1,1,'2008/2009',11,'2008-11-08 00:00:00',492577,9991,7947,1,1,0,0,0,0,0,0,0,0,0,0,0,0,0,0,0,0,0,0,0,0,0,0,0,0,0,0,0,0,0,0,0,0,0,0,0,0,0,0,0,0,0,0,0,0,0,0,0,0,0,0,0,0,0,0,0,0,0,0,0,0,0,0,0,0,0,0,'','','','','','','','','1.4','4.33','8','1.38','4','7.2','1.4','3.9','6','1.33','4','8','','','','1.4','4','7','1.4','4.33','7','1.35','4','7.5','1.4','4.2','7','1.36','4.2','7'),(24,1,1,'2008/2009',11,'2008-11-08 00:00:00',492578,9999,4049,1,2,0,0,0,0,0,0,0,0,0,0,0,0,0,0,0,0,0,0,0,0,0,0,0,0,0,0,0,0,0,0,0,0,0,0,0,0,0,0,0,0,0,0,0,0,0,0,0,0,0,0,0,0,0,0,0,0,0,0,0,0,0,0,0,0,0,0,'','','','','','','','','1.83','3.5','4.2','1.8','3.35','3.9','1.85','3.2','3.5','1.73','3.4','4','','','','1.9','3.4','3.25','1.83','3.4','4','1.8','3.25','4','1.85','3.3','4','1.8','3.3','4'),(25,1,1,'2008/2009',11,'2008-11-08 00:00:00',492579,8571,8203,0,0,0,0,0,0,0,0,0,0,0,0,0,0,0,0,0,0,0,0,0,0,0,0,0,0,0,0,0,0,0,0,0,0,0,0,0,0,0,0,0,0,0,0,0,0,0,0,0,0,0,0,0,0,0,0,0,0,0,0,0,0,0,0,0,0,0,0,'','','','','','','','','2','3.5','3.6','1.95','3.25','3.4','2','3.2','3.1','1.91','3.25','3.4','','','','2.05','3.25','3','2.05','3.25','3.5','2','3.25','3.25','1.95','3.2','3.5','2','3.25','3.3'),(26,1,1,'2008/2009',11,'2008-11-08 00:00:00',492580,10001,9987,1,0,0,0,0,0,0,0,0,0,0,0,0,0,0,0,0,0,0,0,0,0,0,0,0,0,0,0,0,0,0,0,0,0,0,0,0,0,0,0,0,0,0,0,0,0,0,0,0,0,0,0,0,0,0,0,0,0,0,0,0,0,0,0,0,0,0,0,'','','','','','','','','2.7','3.25','2.6','2.5','3.3','2.45','2.45','3.1','2.45','2.5','3.2','2.5','','','','2.5','3.25','2.4','2.6','3.2','2.6','2.4','3.25','2.6','2.5','3.25','2.5','2.5','3.2','2.5'),(27,1,1,'2008/2009',11,'2008-11-09 00:00:00',492581,9993,9985,1,3,0,0,0,0,0,0,0,0,0,0,0,0,0,0,0,0,0,0,0,0,0,0,0,0,0,0,0,0,0,0,0,0,0,0,0,0,0,0,0,0,0,0,0,0,0,0,0,0,0,0,0,0,0,0,0,0,0,0,0,0,0,0,0,0,0,0,'','','','','','','','','3.6','3.3','2.05','3.4','3.25','1.95','3.9','3.3','1.75','3.75','3.3','1.8','','','','3.25','3.25','1.95','3.6','3.3','1.95','3.75','3.25','1.85','3.6','3.25','1.95','3.5','3.3','1.91'),(28,1,1,'2008/2009',12,'2008-11-16 00:00:00',492582,8342,8635,1,1,0,0,0,0,0,0,0,0,0,0,0,0,0,0,0,0,0,0,0,0,0,0,0,0,0,0,0,0,0,0,0,0,0,0,0,0,0,0,0,0,0,0,0,0,0,0,0,0,0,0,0,0,0,0,0,0,0,0,0,0,0,0,0,0,0,0,'','','','','','','','','2.3','3.25','2.9','2.2','3.15','3','2','3.1','3.2','2.2','3.25','2.75','','','','2.15','3.1','3','2.15','3.2','3.3','2.25','3.1','2.8','2.1','3.2','3.2','2.2','3.2','2.9'),(29,1,1,'2008/2009',12,'2008-11-15 00:00:00',492583,9987,9999,1,1,0,0,0,0,0,0,0,0,0,0,0,0,0,0,0,0,0,0,0,0,0,0,0,0,0,0,0,0,0,0,0,0,0,0,0,0,0,0,0,0,0,0,0,0,0,0,0,0,0,0,0,0,0,0,0,0,0,0,0,0,0,0,0,0,0,0,'','','','','','','','','1.25','5.25','10','1.23','5','10','1.3','4.2','8','1.25','4.5','10','','','','1.25','4.8','9','1.27','5.5','10','1.25','5','9','1.27','5','8.5','1.25','5','9'),(30,1,1,'2008/2009',12,'2008-11-15 00:00:00',492584,10000,9993,2,2,0,0,0,0,0,0,0,0,0,0,0,0,0,0,0,0,0,0,0,0,0,0,0,0,0,0,0,0,0,0,0,0,0,0,0,0,0,0,0,0,0,0,0,0,0,0,0,0,0,0,0,0,0,0,0,0,0,0,0,0,0,0,0,0,0,0,'','','','','','','','','2','3.25','3.5','2.1','3.2','3.2','2','3.1','3.2','2','3.2','3.2','','','','1.9','3.25','3.5','2.1','3.3','3.4','2.1','3.3','3.1','2','3.2','3.5','2','3.25','3.3'),(31,1,1,'2008/2009',12,'2008-11-16 00:00:00',492585,9994,9985,1,1,0,0,0,0,0,0,0,0,0,0,0,0,0,0,0,0,0,0,0,0,0,0,0,0,0,0,0,0,0,0,0,0,0,0,0,0,0,0,0,0,0,0,0,0,0,0,0,0,0,0,0,0,0,0,0,0,0,0,0,0,0,0,0,0,0,0,'','','','','','','','','3.25','3.25','2.1','3.4','3.2','2','2.8','3.1','2.2','3','3.2','2.1','','','','3.2','3.2','2','3.5','3.25','2.1','3.2','3.2','2.1','3.2','3.2','2.1','3.1','3.2','2.1'),(32,1,1,'2008/2009',12,'2008-11-15 00:00:00',492586,7947,8571,1,0,0,0,0,0,0,0,0,0,0,0,0,0,0,0,0,0,0,0,0,0,0,0,0,0,0,0,0,0,0,0,0,0,0,0,0,0,0,0,0,0,0,0,0,0,0,0,0,0,0,0,0,0,0,0,0,0,0,0,0,0,0,0,0,0,0,0,'','','','','','','','','2.3','3.25','2.8','2.25','3.1','2.95','2.1','3.1','3','2.2','3.25','2.75','','','','2.1','3.2','3','2.25','3.25','3.1','2.25','3.3','2.8','2.2','3.2','3','2.2','3.1','3'),(33,1,1,'2008/2009',12,'2008-11-15 00:00:00',492587,8203,9998,0,0,0,0,0,0,0,0,0,0,0,0,0,0,0,0,0,0,0,0,0,0,0,0,0,0,0,0,0,0,0,0,0,0,0,0,0,0,0,0,0,0,0,0,0,0,0,0,0,0,0,0,0,0,0,0,0,0,0,0,0,0,0,0,0,0,0,0,'','','','','','','','','2.05','3.25','3.4','1.95','3.2','3.6','2','3.1','3.2','2.1','3.2','3','','','','2.1','3.2','3','2.05','3.3','3.5','2.1','3.3','3.1','2.1','3.2','3.2','2','3.2','3.4'),(34,1,1,'2008/2009',12,'2008-11-15 00:00:00',492588,9996,9986,2,1,0,0,0,0,0,0,0,0,0,0,0,0,0,0,0,0,0,0,0,0,0,0,0,0,0,0,0,0,0,0,0,0,0,0,0,0,0,0,0,0,0,0,0,0,0,0,0,0,0,0,0,0,0,0,0,0,0,0,0,0,0,0,0,0,0,0,'','','','','','','','','2.2','3.25','3','2.1','3.25','3.1','2.1','3.1','3','2.2','3.2','2.8','','','','2.25','3.2','2.75','2.2','3.25','3.2','2.2','3.3','2.8','2.2','3.2','3','2.25','3.25','2.8'),(35,1,1,'2008/2009',12,'2008-11-15 00:00:00',492589,4049,9984,3,0,0,0,0,0,0,0,0,0,0,0,0,0,0,0,0,0,0,0,0,0,0,0,0,0,0,0,0,0,0,0,0,0,0,0,0,0,0,0,0,0,0,0,0,0,0,0,0,0,0,0,0,0,0,0,0,0,0,0,0,0,0,0,0,0,0,0,'','','','','','','','','4.33','3.4','1.75','4.6','3.4','1.7','3.4','3.3','1.85','4','3.4','1.72','','','','3.2','3.2','2','4.33','3.4','1.83','4','3.5','1.75','4.25','3.3','1.75','4.33','3.3','1.73'),(36,1,1,'2008/2009',12,'2008-11-14 00:00:00',492590,10001,9991,3,2,0,0,0,0,0,0,0,0,0,0,0,0,0,0,0,0,0,0,0,0,0,0,0,0,0,0,0,0,0,0,0,0,0,0,0,0,0,0,0,0,0,0,0,0,0,0,0,0,0,0,0,0,0,0,0,0,0,0,0,0,0,0,0,0,0,0,'','','','','','','','','2.5','3.3','2.75','2.3','3.2','2.75','2.3','3.1','2.6','2.4','3.1','2.6','','','','2.3','3.1','2.7','2.4','3.3','2.8','2.5','3.2','2.6','2.45','3.2','2.75','2.3','3.2','2.75'),(37,1,1,'2008/2009',13,'2008-11-22 00:00:00',492591,8635,10001,2,0,0,0,0,0,0,0,0,0,0,0,0,0,0,0,0,0,0,0,0,0,0,0,0,0,0,0,0,0,0,0,0,0,0,0,0,0,0,0,0,0,0,0,0,0,0,0,0,0,0,0,0,0,0,0,0,0,0,0,0,0,0,0,0,0,0,0,'','','','','','','','','1.44','4.33','7','1.4','3.85','7.75','1.4','3.9','6','1.5','3.5','6','','','','1.45','4','6.25','1.44','4','7.5','1.45','4','6','1.45','3.8','7','1.44','3.75','6.5'),(38,1,1,'2008/2009',13,'2008-11-22 00:00:00',492592,9985,9996,3,1,0,0,0,0,0,0,0,0,0,0,0,0,0,0,0,0,0,0,0,0,0,0,0,0,0,0,0,0,0,0,0,0,0,0,0,0,0,0,0,0,0,0,0,0,0,0,0,0,0,0,0,0,0,0,0,0,0,0,0,0,0,0,0,0,0,0,'','','','','','','','','1.36','4.5','9','1.35','4.25','8','1.35','4','7','1.36','4','7','','','','1.35','4.3','7.75','1.36','4.5','8.5','1.35','4','7.5','1.37','4.25','8','1.36','4.2','7'),(39,1,1,'2008/2009',13,'2008-11-22 00:00:00',492622,9998,8342,1,2,0,0,0,0,0,0,0,0,0,0,0,0,0,0,0,0,0,0,0,0,0,0,0,0,0,0,0,0,0,0,0,0,0,0,0,0,0,0,0,0,0,0,0,0,0,0,0,0,0,0,0,0,0,0,0,0,0,0,0,0,0,0,0,0,0,0,'','','','','','','','','4.33','3.4','1.85','4.85','3.4','1.65','3.8','3.1','1.8','3.75','3.3','1.8','','','','4.2','3.4','1.75','4.75','3.5','1.73','4.5','3.4','1.7','4.6','3.4','1.73','4.2','3.4','1.73'),(40,1,1,'2008/2009',13,'2008-11-22 00:00:00',492623,9986,4049,3,2,0,0,0,0,0,0,0,0,0,0,0,0,0,0,0,0,0,0,0,0,0,0,0,0,0,0,0,0,0,0,0,0,0,0,0,0,0,0,0,0,0,0,0,0,0,0,0,0,0,0,0,0,0,0,0,0,0,0,0,0,0,0,0,0,0,0,'','','','','','','','','1.44','4.33','7','1.55','3.45','5.9','1.55','3.5','4.8','1.44','3.6','6.5','','','','1.5','3.8','5.75','1.44','4','7.5','1.5','3.6','6','1.53','3.75','6','1.5','3.6','6'),(41,1,1,'2008/2009',13,'2008-11-22 00:00:00',492624,9984,8203,2,1,0,0,0,0,0,0,0,0,0,0,0,0,0,0,0,0,0,0,0,0,0,0,0,0,0,0,0,0,0,0,0,0,0,0,0,0,0,0,0,0,0,0,0,0,0,0,0,0,0,0,0,0,0,0,0,0,0,0,0,0,0,0,0,0,0,0,'','','','','','','','','1.67','3.75','5.5','1.55','3.5','5.85','1.6','3.4','4.6','1.57','3.5','5','','','','1.6','3.6','5','1.62','3.6','5.5','1.6','3.6','4.5','1.62','3.5','5.25','1.6','3.5','5'),(42,1,1,'2008/2009',13,'2008-11-23 00:00:00',492628,9991,9987,2,3,0,0,0,0,0,0,0,0,0,0,0,0,0,0,0,0,0,0,0,0,0,0,0,0,0,0,0,0,0,0,0,0,0,0,0,0,0,0,0,0,0,0,0,0,0,0,0,0,0,0,0,0,0,0,0,0,0,0,0,0,0,0,0,0,0,0,'','','','','','','','','2.1','3.3','3.2','2.05','3.3','3.2','2.2','3.1','2.8','2.2','3.25','2.75','','','','2.1','3.2','3.2','2.2','3.25','3.2','2.2','3.25','2.8','2.2','3.25','3.1','2.2','3.25','2.88'),(43,1,1,'2008/2009',13,'2008-11-22 00:00:00',492631,9999,7947,2,2,0,0,0,0,0,0,0,0,0,0,0,0,0,0,0,0,0,0,0,0,0,0,0,0,0,0,0,0,0,0,0,0,0,0,0,0,0,0,0,0,0,0,0,0,0,0,0,0,0,0,0,0,0,0,0,0,0,0,0,0,0,0,0,0,0,0,'','','','','','','','','2.4','3.3','2.88','2.3','3.2','2.8','2.2','3.1','2.8','2.2','3.25','2.75','','','','2.5','3.15','2.6','2.38','3.25','2.88','2.25','3.25','2.75','2.3','3.25','2.9','2.5','3.2','2.5'),(44,1,1,'2008/2009',13,'2008-12-16 00:00:00',492636,8571,10000,1,0,0,0,0,0,0,0,0,0,0,0,0,0,0,0,0,0,0,0,0,0,0,0,0,0,0,0,0,0,0,0,0,0,0,0,0,0,0,0,0,0,0,0,0,0,0,0,0,0,0,0,0,0,0,0,0,0,0,0,0,0,0,0,0,0,0,0,'','','','','','','','','2.38','3.4','2.88','2.25','3.1','2.9','2.3','3','2.7','2.2','3.25','2.75','','','','2.3','3.2','2.62','2.38','3.2','3','2.25','3.25','2.8','2.3','3.2','2.75','2.3','3.2','2.75'),(45,1,1,'2008/2009',13,'2008-11-22 00:00:00',492638,9993,9994,0,2,0,0,0,0,0,0,0,0,0,0,0,0,0,0,0,0,0,0,0,0,0,0,0,0,0,0,0,0,0,0,0,0,0,0,0,0,0,0,0,0,0,0,0,0,0,0,0,0,0,0,0,0,0,0,0,0,0,0,0,0,0,0,0,0,0,0,'','','','','','','','','2.2','3.3','3.3','2.25','3','3','2.3','3.1','2.6','2.2','3','3','','','','2.25','3.2','2.9','2.25','3.25','3','2.25','3.25','2.8','2.25','3.2','3','2.3','3.2','2.75'),(46,1,1,'2008/2009',14,'2008-11-30 00:00:00',492649,8342,9993,3,0,0,0,0,0,0,0,0,0,0,0,0,0,0,0,0,0,0,0,0,0,0,0,0,0,0,0,0,0,0,0,0,0,0,0,0,0,0,0,0,0,0,0,0,0,0,0,0,0,0,0,0,0,0,0,0,0,0,0,0,0,0,0,0,0,0,0,'','','','','','','','','1.44','4.2','6','1.32','4.5','8.25','1.3','4.2','8','1.33','4.33','7','','','','1.33','4.2','7.5','1.36','4.5','8','1.4','4','7','1.33','4.5','7.5','1.36','4.2','7'),(47,1,1,'2008/2009',14,'2008-11-29 00:00:00',492651,9987,9984,3,2,0,0,0,0,0,0,0,0,0,0,0,0,0,0,0,0,0,0,0,0,0,0,0,0,0,0,0,0,0,0,0,0,0,0,0,0,0,0,0,0,0,0,0,0,0,0,0,0,0,0,0,0,0,0,0,0,0,0,0,0,0,0,0,0,0,0,'','','','','','','','','1.73','3.4','4.5','1.65','3.45','4.9','1.65','3.4','4.2','1.72','3.4','4','','','','1.7','3.4','4.2','1.67','3.5','5','1.7','3.4','4.5','1.7','3.4','4.4','1.7','3.4','4.33'),(48,1,1,'2008/2009',14,'2008-11-29 00:00:00',492658,10000,9986,4,2,0,0,0,0,0,0,0,0,0,0,0,0,0,0,0,0,0,0,0,0,0,0,0,0,0,0,0,0,0,0,0,0,0,0,0,0,0,0,0,0,0,0,0,0,0,0,0,0,0,0,0,0,0,0,0,0,0,0,0,0,0,0,0,0,0,0,'','','','','','','','','2.2','3.25','3','2.2','3.2','3','2.2','3','2.9','2.25','3.25','2.7','','','','2.3','3.25','2.6','2.2','3.25','3.1','2.25','3.25','2.75','2.15','3.2','3','2.25','3.2','2.8'),(49,1,1,'2008/2009',14,'2008-11-29 00:00:00',492662,9991,9999,4,0,0,0,0,0,0,0,0,0,0,0,0,0,0,0,0,0,0,0,0,0,0,0,0,0,0,0,0,0,0,0,0,0,0,0,0,0,0,0,0,0,0,0,0,0,0,0,0,0,0,0,0,0,0,0,0,0,0,0,0,0,0,0,0,0,0,0,'','','','','','','','','1.29','4.75','9.5','1.3','4.7','8.5','1.4','3.9','6','1.33','4','8','','','','1.36','3.75','8','1.36','4.5','8','1.3','4.5','8','1.33','4.5','7.5','1.33','4.5','7.5'),(50,1,1,'2008/2009',14,'2008-11-28 00:00:00',492664,7947,8635,0,2,0,0,0,0,0,0,0,0,0,0,0,0,0,0,0,0,0,0,0,0,0,0,0,0,0,0,0,0,0,0,0,0,0,0,0,0,0,0,0,0,0,0,0,0,0,0,0,0,0,0,0,0,0,0,0,0,0,0,0,0,0,0,0,0,0,0,'','','','','','','','','5','3.75','1.67','5.35','3.5','1.6','4.6','3.4','1.6','4.5','3.5','1.61','','','','5','3.5','1.57','6','3.5','1.62','5','3.5','1.6','4.75','3.5','1.6','4.5','3.5','1.67'),(51,1,1,'2008/2009',14,'2008-11-30 00:00:00',492666,8203,9985,0,0,0,0,0,0,0,0,0,0,0,0,0,0,0,0,0,0,0,0,0,0,0,0,0,0,0,0,0,0,0,0,0,0,0,0,0,0,0,0,0,0,0,0,0,0,0,0,0,0,0,0,0,0,0,0,0,0,0,0,0,0,0,0,0,0,0,0,'','','','','','','','','4.75','3.5','1.67','5.25','3.5','1.6','4.2','3.4','1.65','4.33','3.4','1.66','','','','5','3.4','1.6','5.25','3.4','1.67','4.5','3.4','1.65','4.75','3.4','1.65','5','3.4','1.62'),(52,1,1,'2008/2009',14,'2008-11-29 00:00:00',492670,9996,9994,2,0,0,0,0,0,0,0,0,0,0,0,0,0,0,0,0,0,0,0,0,0,0,0,0,0,0,0,0,0,0,0,0,0,0,0,0,0,0,0,0,0,0,0,0,0,0,0,0,0,0,0,0,0,0,0,0,0,0,0,0,0,0,0,0,0,0,0,'','','','','','','','','2.2','3.25','3','2.1','3.1','3.3','2.2','3.1','2.8','2.2','3.2','2.8','','','','2.2','3.2','2.8','2.15','3.2','3.25','2.2','3.25','2.9','2.15','3.2','3','2.25','3.2','2.8'),(53,1,1,'2008/2009',14,'2008-11-29 00:00:00',492674,4049,8571,3,3,0,0,0,0,0,0,0,0,0,0,0,0,0,0,0,0,0,0,0,0,0,0,0,0,0,0,0,0,0,0,0,0,0,0,0,0,0,0,0,0,0,0,0,0,0,0,0,0,0,0,0,0,0,0,0,0,0,0,0,0,0,0,0,0,0,0,'','','','','','','','','2.3','3.2','2.88','2.15','3.25','3.05','2.2','3.1','2.8','2.3','3.2','2.62','','','','2.2','3.2','2.8','2.4','3.2','2.8','2.4','3.25','2.65','2.2','3.2','2.9','2.38','3.2','2.62'),(54,1,1,'2008/2009',14,'2008-11-29 00:00:00',492677,10001,9998,2,1,0,0,0,0,0,0,0,0,0,0,0,0,0,0,0,0,0,0,0,0,0,0,0,0,0,0,0,0,0,0,0,0,0,0,0,0,0,0,0,0,0,0,0,0,0,0,0,0,0,0,0,0,0,0,0,0,0,0,0,0,0,0,0,0,0,0,'','','','','','','','','1.57','3.6','5.25','1.55','3.45','6','1.6','3.4','4.6','1.57','3.5','5','','','','1.6','3.25','5.5','1.62','3.5','5.5','1.55','3.6','5','1.6','3.5','5','1.57','3.4','5.5'),(55,1,1,'2008/2009',15,'2008-12-06 00:00:00',492683,8635,4049,5,1,0,0,0,0,0,0,0,0,0,0,0,0,0,0,0,0,0,0,0,0,0,0,0,0,0,0,0,0,0,0,0,0,0,0,0,0,0,0,0,0,0,0,0,0,0,0,0,0,0,0,0,0,0,0,0,0,0,0,0,0,0,0,0,0,0,0,'','','','','','','','','1.2','6','11','1.2','5.1','12','1.2','5','10','1.17','5.5','12','','','','1.22','5','9.5','1.2','6.5','13','1.2','5.5','11','1.2','5.5','11','1.2','6','10'),(56,1,1,'2008/2009',15,'2008-12-06 00:00:00',492686,9985,10000,1,2,0,0,0,0,0,0,0,0,0,0,0,0,0,0,0,0,0,0,0,0,0,0,0,0,0,0,0,0,0,0,0,0,0,0,0,0,0,0,0,0,0,0,0,0,0,0,0,0,0,0,0,0,0,0,0,0,0,0,0,0,0,0,0,0,0,0,'','','','','','','','','1.36','4.5','7.5','1.28','4.5','9','1.3','4.2','8','1.29','4.33','9','','','','1.3','4.5','7.5','1.36','4.5','9','1.28','4.5','8.5','1.3','4.5','8.5','1.3','4.5','8.5'),(57,1,1,'2008/2009',15,'2008-12-06 00:00:00',492689,9998,7947,5,2,0,0,0,0,0,0,0,0,0,0,0,0,0,0,0,0,0,0,0,0,0,0,0,0,0,0,0,0,0,0,0,0,0,0,0,0,0,0,0,0,0,0,0,0,0,0,0,0,0,0,0,0,0,0,0,0,0,0,0,0,0,0,0,0,0,0,'','','','','','','','','2.1','3.25','3.25','2.15','3.1','3.1','2.1','3.1','3','2','3.2','3.2','','','','2.1','3.2','3','2.15','3.25','3.4','2.1','3.25','3','2.1','3.2','3.1','2.1','3.25','3.1'),(58,1,1,'2008/2009',15,'2008-12-06 00:00:00',492692,9986,8203,1,2,0,0,0,0,0,0,0,0,0,0,0,0,0,0,0,0,0,0,0,0,0,0,0,0,0,0,0,0,0,0,0,0,0,0,0,0,0,0,0,0,0,0,0,0,0,0,0,0,0,0,0,0,0,0,0,0,0,0,0,0,0,0,0,0,0,0,'','','','','','','','','1.67','3.4','5','1.6','3.5','4.9','1.65','3.3','4.4','1.62','3.5','4.5','','','','1.65','3.4','4.5','1.7','3.5','5.25','1.65','3.5','4.5','1.67','3.4','4.6','1.67','3.4','4.75'),(59,1,1,'2008/2009',15,'2008-12-05 00:00:00',492693,9984,9991,3,1,0,0,0,0,0,0,0,0,0,0,0,0,0,0,0,0,0,0,0,0,0,0,0,0,0,0,0,0,0,0,0,0,0,0,0,0,0,0,0,0,0,0,0,0,0,0,0,0,0,0,0,0,0,0,0,0,0,0,0,0,0,0,0,0,0,0,'','','','','','','','','2.4','3.3','2.88','2.25','3','3','2.2','3.1','2.8','2.38','3.2','2.6','','','','2.25','3.2','2.75','2.4','3.2','3','2.3','3.3','2.65','2.35','3.25','2.8','2.3','3.2','2.75'),(60,1,1,'2008/2009',15,'2008-12-07 00:00:00',492696,9994,8342,2,0,0,0,0,0,0,0,0,0,0,0,0,0,0,0,0,0,0,0,0,0,0,0,0,0,0,0,0,0,0,0,0,0,0,0,0,0,0,0,0,0,0,0,0,0,0,0,0,0,0,0,0,0,0,0,0,0,0,0,0,0,0,0,0,0,0,0,'','','','','','','','','2.88','3.2','2.3','3','3','2.25','2.6','3.1','2.3','2.75','3.2','2.25','','','','2.75','3.2','2.25','3.2','3.2','2.25','2.6','3.3','2.35','2.75','3.2','2.3','2.62','3.2','2.38'),(61,1,1,'2008/2009',15,'2008-12-06 00:00:00',492699,9999,10001,1,0,0,0,0,0,0,0,0,0,0,0,0,0,0,0,0,0,0,0,0,0,0,0,0,0,0,0,0,0,0,0,0,0,0,0,0,0,0,0,0,0,0,0,0,0,0,0,0,0,0,0,0,0,0,0,0,0,0,0,0,0,0,0,0,0,0,0,'','','','','','','','','3.25','3.3','2.1','2.95','3.25','2.15','2.8','3.1','2.2','2.88','3.3','2.1','','','','3.2','3.2','2','3.4','3.25','2.15','3','3.25','2.1','2.85','3.25','2.2','3.1','3.25','2.1'),(62,1,1,'2008/2009',15,'2008-12-07 00:00:00',492702,8571,9987,3,1,0,0,0,0,0,0,0,0,0,0,0,0,0,0,0,0,0,0,0,0,0,0,0,0,0,0,0,0,0,0,0,0,0,0,0,0,0,0,0,0,0,0,0,0,0,0,0,0,0,0,0,0,0,0,0,0,0,0,0,0,0,0,0,0,0,0,'','','','','','','','','3.25','3.25','2.1','3.35','3.2','2','3.2','3.1','2','3','3.2','2.1','','','','3','3.2','2.1','3.5','3.2','2.15','3','3.25','2.1','3.1','3.2','2.1','3.3','3.25','2'),(63,1,1,'2008/2009',15,'2008-12-06 00:00:00',492706,9993,9996,3,0,0,0,0,0,0,0,0,0,0,0,0,0,0,0,0,0,0,0,0,0,0,0,0,0,0,0,0,0,0,0,0,0,0,0,0,0,0,0,0,0,0,0,0,0,0,0,0,0,0,0,0,0,0,0,0,0,0,0,0,0,0,0,0,0,0,0,'','','','','','','','','2.2','3.25','3','2.15','3.15','3.05','2.4','3.1','2.5','2.2','3.25','2.75','','','','2.2','3.25','2.75','2.38','3.2','3','2.25','3.3','2.75','2.2','3.25','2.9','2.3','3.2','2.75'),(64,1,1,'2008/2009',16,'2008-12-14 00:00:00',492709,8342,9985,1,4,0,0,0,0,0,0,0,0,0,0,0,0,0,0,0,0,0,0,0,0,0,0,0,0,0,0,0,0,0,0,0,0,0,0,0,0,0,0,0,0,0,0,0,0,0,0,0,0,0,0,0,0,0,0,0,0,0,0,0,0,0,0,0,0,0,0,'','','','','','','','','2.62','3.2','2.62','2.25','3.2','2.9','2.1','3.1','3','2.25','3.25','2.7','','','','2.3','3.1','2.7','2.4','3.2','2.8','2.3','3.2','2.7','2.3','3.2','2.85','2.3','3.2','2.75'),(65,1,1,'2008/2009',16,'2008-12-13 00:00:00',492713,9987,9986,1,0,0,0,0,0,0,0,0,0,0,0,0,0,0,0,0,0,0,0,0,0,0,0,0,0,0,0,0,0,0,0,0,0,0,0,0,0,0,0,0,0,0,0,0,0,0,0,0,0,0,0,0,0,0,0,0,0,0,0,0,0,0,0,0,0,0,0,'','','','','','','','','1.53','4','6','1.55','3.55','5.65','1.55','3.5','4.8','1.5','3.5','6','','','','1.57','3.5','5','1.62','3.6','5.5','1.45','3.6','6.5','1.6','3.5','5.25','1.57','3.6','5'),(66,1,1,'2008/2009',16,'2008-12-13 00:00:00',492717,10000,9996,2,1,0,0,0,0,0,0,0,0,0,0,0,0,0,0,0,0,0,0,0,0,0,0,0,0,0,0,0,0,0,0,0,0,0,0,0,0,0,0,0,0,0,0,0,0,0,0,0,0,0,0,0,0,0,0,0,0,0,0,0,0,0,0,0,0,0,0,'','','','','','','','','2.05','3.3','3.6','2.1','3.2','3.2','2.1','3.1','3','2','3.2','3.2','','','','2.1','3.25','2.9','2.1','3.25','3.25','1.95','3.25','3.4','2.05','3.25','3.3','2.1','3.25','3.1'),(67,1,1,'2008/2009',16,'2008-12-13 00:00:00',492720,9991,8571,1,1,0,0,0,0,0,0,0,0,0,0,0,0,0,0,0,0,0,0,0,0,0,0,0,0,0,0,0,0,0,0,0,0,0,0,0,0,0,0,0,0,0,0,0,0,0,0,0,0,0,0,0,0,0,0,0,0,0,0,0,0,0,0,0,0,0,0,'','','','','','','','','1.5','4','6.5','1.45','3.65','7.15','1.45','3.8','5.4','1.57','3.25','5.5','','','','1.5','3.4','6','1.5','3.8','6.5','1.4','3.8','6.5','1.45','3.75','7','1.5','3.6','6'),(68,1,1,'2008/2009',16,'2008-12-13 00:00:00',492722,7947,9994,1,1,0,0,0,0,0,0,0,0,0,0,0,0,0,0,0,0,0,0,0,0,0,0,0,0,0,0,0,0,0,0,0,0,0,0,0,0,0,0,0,0,0,0,0,0,0,0,0,0,0,0,0,0,0,0,0,0,0,0,0,0,0,0,0,0,0,0,'','','','','','','','','3.25','3.25','2.2','2.75','3.15','2.35','2.6','3.1','2.3','2.75','3.2','2.25','','','','2.75','3.2','2.25','2.8','3.2','2.4','2.75','3.25','2.25','2.75','3.25','2.3','2.7','3.25','2.3'),(69,1,1,'2008/2009',16,'2008-12-12 00:00:00',492724,8203,9993,2,1,0,0,0,0,0,0,0,0,0,0,0,0,0,0,0,0,0,0,0,0,0,0,0,0,0,0,0,0,0,0,0,0,0,0,0,0,0,0,0,0,0,0,0,0,0,0,0,0,0,0,0,0,0,0,0,0,0,0,0,0,0,0,0,0,0,0,'','','','','','','','','2.5','3.3','2.75','2.2','3.25','2.95','2.3','3.1','2.6','2.37','3.2','2.6','','','','2.25','3.2','2.75','2.38','3.2','3','2.25','3.2','2.8','2.6','3.1','2.6','2.38','3.2','2.62'),(70,1,1,'2008/2009',16,'2008-12-14 00:00:00',492728,9999,8635,0,3,0,0,0,0,0,0,0,0,0,0,0,0,0,0,0,0,0,0,0,0,0,0,0,0,0,0,0,0,0,0,0,0,0,0,0,0,0,0,0,0,0,0,0,0,0,0,0,0,0,0,0,0,0,0,0,0,0,0,0,0,0,0,0,0,0,0,'','','','','','','','','8','4.75','1.36','7.15','4','1.4','6','3.9','1.4','6','3.75','1.44','','','','6.5','3.6','1.44','6.5','3.8','1.5','6.5','3.8','1.4','7','4','1.4','7','4','1.4'),(71,1,1,'2008/2009',16,'2008-12-13 00:00:00',492734,4049,9998,2,1,0,0,0,0,0,0,0,0,0,0,0,0,0,0,0,0,0,0,0,0,0,0,0,0,0,0,0,0,0,0,0,0,0,0,0,0,0,0,0,0,0,0,0,0,0,0,0,0,0,0,0,0,0,0,0,0,0,0,0,0,0,0,0,0,0,0,'','','','','','','','','2.8','3.25','2.5','2.4','3.2','2.65','2.3','3.1','2.6','2.37','3.2','2.6','','','','2.4','3.25','2.5','2.6','3.2','2.6','2.5','3.25','2.5','2.5','3.2','2.6','2.5','3.2','2.5'),(72,1,1,'2008/2009',16,'2008-12-13 00:00:00',492735,10001,9984,1,2,0,0,0,0,0,0,0,0,0,0,0,0,0,0,0,0,0,0,0,0,0,0,0,0,0,0,0,0,0,0,0,0,0,0,0,0,0,0,0,0,0,0,0,0,0,0,0,0,0,0,0,0,0,0,0,0,0,0,0,0,0,0,0,0,0,0,'','','','','','','','','2.05','3.3','3.6','1.95','3.05','3.7','1.9','3.2','3.4','2','3.2','3.2','','','','2','3.2','3.2','1.9','3.4','3.8','2','3.25','3.25','1.95','3.3','3.5','1.91','3.3','3.5'),(73,1,1,'2008/2009',17,'2008-12-19 00:00:00',492742,8635,9987,2,0,0,0,0,0,0,0,0,0,0,0,0,0,0,0,0,0,0,0,0,0,0,0,0,0,0,0,0,0,0,0,0,0,0,0,0,0,0,0,0,0,0,0,0,0,0,0,0,0,0,0,0,0,0,0,0,0,0,0,0,0,0,0,0,0,0,0,'','','','','','','','','1.57','3.8','6','1.5','3.7','5.7','1.6','3.4','4.6','1.57','3.5','5','','','','1.6','3.4','4.8','1.57','3.75','6','1.6','3.4','5','1.6','3.6','5','1.57','3.6','5'),(74,1,1,'2008/2009',17,'2008-12-21 00:00:00',492745,9985,9991,2,1,0,0,0,0,0,0,0,0,0,0,0,0,0,0,0,0,0,0,0,0,0,0,0,0,0,0,0,0,0,0,0,0,0,0,0,0,0,0,0,0,0,0,0,0,0,0,0,0,0,0,0,0,0,0,0,0,0,0,0,0,0,0,0,0,0,0,'','','','','','','','','1.5','4.2','6.5','1.45','3.6','7','1.5','3.7','5','1.53','3.5','5.5','','','','1.5','3.4','6','1.57','3.6','6','1.5','3.6','6','1.55','3.6','5.75','1.53','3.6','5.5'),(75,1,1,'2008/2009',17,'2008-12-20 00:00:00',492746,9998,10000,2,2,0,0,0,0,0,0,0,0,0,0,0,0,0,0,0,0,0,0,0,0,0,0,0,0,0,0,0,0,0,0,0,0,0,0,0,0,0,0,0,0,0,0,0,0,0,0,0,0,0,0,0,0,0,0,0,0,0,0,0,0,0,0,0,0,0,0,'','','','','','','','','2.25','3.25','3.25','2.4','3.2','2.7','2.3','3.1','2.6','2.4','3.25','2.5','','','','2.3','3.25','2.6','2.4','3.2','2.88','2.2','3.25','2.9','2.3','3.2','2.8','2.25','3.2','2.8'),(76,1,1,'2008/2009',17,'2008-12-20 00:00:00',492749,9986,7947,2,0,0,0,0,0,0,0,0,0,0,0,0,0,0,0,0,0,0,0,0,0,0,0,0,0,0,0,0,0,0,0,0,0,0,0,0,0,0,0,0,0,0,0,0,0,0,0,0,0,0,0,0,0,0,0,0,0,0,0,0,0,0,0,0,0,0,0,'','','','','','','','','1.61','3.75','5.5','1.6','3.5','5','1.7','3.3','4','1.62','3.25','5','','','','1.7','3.25','4.33','1.7','3.5','5','1.65','3.4','4.35','1.65','3.4','5','1.67','3.4','4.5'),(77,1,1,'2008/2009',17,'2008-12-20 00:00:00',492753,9984,9999,4,3,0,0,0,0,0,0,0,0,0,0,0,0,0,0,0,0,0,0,0,0,0,0,0,0,0,0,0,0,0,0,0,0,0,0,0,0,0,0,0,0,0,0,0,0,0,0,0,0,0,0,0,0,0,0,0,0,0,0,0,0,0,0,0,0,0,0,'','','','','','','','','1.4','4.33','8.5','1.4','3.75','8','1.45','3.8','5.4','1.36','4','7','','','','1.44','3.75','6','1.44','4','7.5','1.45','3.75','6.5','1.45','3.75','7','1.44','3.75','6.5'),(78,1,1,'2008/2009',17,'2008-12-20 00:00:00',492757,9994,8203,2,2,0,0,0,0,0,0,0,0,0,0,0,0,0,0,0,0,0,0,0,0,0,0,0,0,0,0,0,0,0,0,0,0,0,0,0,0,0,0,0,0,0,0,0,0,0,0,0,0,0,0,0,0,0,0,0,0,0,0,0,0,0,0,0,0,0,0,'','','','','','','','','1.83','3.4','4.5','1.7','3.4','4.6','1.7','3.3','4','1.62','3.25','5','','','','1.73','3.25','4.2','1.73','3.4','5','1.75','3.3','4.35','1.7','3.3','4.75','1.73','3.3','4.33'),(79,1,1,'2008/2009',17,'2008-12-20 00:00:00',492758,9996,8342,5,1,0,0,0,0,0,0,0,0,0,0,0,0,0,0,0,0,0,0,0,0,0,0,0,0,0,0,0,0,0,0,0,0,0,0,0,0,0,0,0,0,0,0,0,0,0,0,0,0,0,0,0,0,0,0,0,0,0,0,0,0,0,0,0,0,0,0,'','','','','','','','','3','3.25','2.4','3','3.2','2.2','2.8','3.1','2.2','2.75','3.25','2.2','','','','2.7','3.2','2.25','3','3.25','2.3','2.8','3.25','2.25','3','3.2','2.2','2.75','3.2','2.3'),(80,1,1,'2008/2009',17,'2008-12-21 00:00:00',492760,8571,10001,0,0,0,0,0,0,0,0,0,0,0,0,0,0,0,0,0,0,0,0,0,0,0,0,0,0,0,0,0,0,0,0,0,0,0,0,0,0,0,0,0,0,0,0,0,0,0,0,0,0,0,0,0,0,0,0,0,0,0,0,0,0,0,0,0,0,0,0,'','','','','','','','','2.3','3.25','3.2','2.35','3.15','2.8','2.4','3.1','2.5','2.2','3.25','2.75','','','','2.4','3.2','2.5','2.5','3.2','2.75','2.4','3.2','2.65','2.4','3.2','2.7','2.4','3.2','2.62'),(81,1,1,'2008/2009',17,'2008-12-20 00:00:00',492763,9993,4049,2,0,0,0,0,0,0,0,0,0,0,0,0,0,0,0,0,0,0,0,0,0,0,0,0,0,0,0,0,0,0,0,0,0,0,0,0,0,0,0,0,0,0,0,0,0,0,0,0,0,0,0,0,0,0,0,0,0,0,0,0,0,0,0,0,0,0,0,'','','','','','','','','1.57','3.8','6','1.6','3.55','4.9','1.65','3.4','4.2','1.67','3.4','4.33','','','','1.67','3.4','4.33','1.62','3.6','5.5','1.65','3.4','4.5','1.6','3.4','5.25','1.57','3.4','5.5'),(82,1,1,'2008/2009',18,'2009-01-18 00:00:00',492769,9993,9987,4,1,0,0,0,0,0,0,0,0,0,0,0,0,0,0,0,0,0,0,0,0,0,0,0,0,0,0,0,0,0,0,0,0,0,0,0,0,0,0,0,0,0,0,0,0,0,0,0,0,0,0,0,0,0,0,0,0,0,0,0,0,0,0,0,0,0,0,'','','','','','','','','2.6','3.3','2.62','2.55','3.3','2.4','2.5','3.2','2.3','2.5','3.1','2.5','','','','2.5','3.1','2.5','2.6','3.2','2.6','2.4','3.25','2.65','2.6','3.25','2.45','2.5','3.2','2.5'),(83,1,1,'2008/2009',18,'2009-01-17 00:00:00',492772,9994,10000,2,1,0,0,0,0,0,0,0,0,0,0,0,0,0,0,0,0,0,0,0,0,0,0,0,0,0,0,0,0,0,0,0,0,0,0,0,0,0,0,0,0,0,0,0,0,0,0,0,0,0,0,0,0,0,0,0,0,0,0,0,0,0,0,0,0,0,0,'','','','','','','','','2.1','3.2','3.3','2.15','3.1','3.1','1.8','3.2','3.7','1.8','3.2','4','','','','2','3.2','3.2','1.95','3.3','3.75','2.1','3.2','3.2','2','3.3','3.5','2','3.2','3.4'),(84,1,1,'2008/2009',18,'2009-01-16 00:00:00',492775,8635,9984,1,2,0,0,0,0,0,0,0,0,0,0,0,0,0,0,0,0,0,0,0,0,0,0,0,0,0,0,0,0,0,0,0,0,0,0,0,0,0,0,0,0,0,0,0,0,0,0,0,0,0,0,0,0,0,0,0,0,0,0,0,0,0,0,0,0,0,0,'','','','','','','','','1.36','4.5','9','1.3','4.5','8.25','1.37','4','7','1.33','4','8','','','','1.33','4','8','1.33','4.5','9','1.35','4.35','7.5','1.35','4.5','7.5','1.3','4.5','8.5'),(85,1,1,'2008/2009',18,'2009-01-17 00:00:00',492779,9998,9991,1,2,0,0,0,0,0,0,0,0,0,0,0,0,0,0,0,0,0,0,0,0,0,0,0,0,0,0,0,0,0,0,0,0,0,0,0,0,0,0,0,0,0,0,0,0,0,0,0,0,0,0,0,0,0,0,0,0,0,0,0,0,0,0,0,0,0,0,'','','','','','','','','2.8','3.3','2.3','2.9','3.3','2.15','2.5','3.2','2.3','2.7','3.3','2.2','','','','2.6','3.25','2.3','2.8','3.25','2.38','2.8','3.2','2.3','2.9','3.25','2.25','2.62','3.2','2.38'),(86,1,1,'2008/2009',18,'2009-01-17 00:00:00',492781,9985,7947,3,2,0,0,0,0,0,0,0,0,0,0,0,0,0,0,0,0,0,0,0,0,0,0,0,0,0,0,0,0,0,0,0,0,0,0,0,0,0,0,0,0,0,0,0,0,0,0,0,0,0,0,0,0,0,0,0,0,0,0,0,0,0,0,0,0,0,0,'','','','','','','','','1.2','6.5','13','1.16','6','12','1.2','5','10','1.17','5.5','12','','','','1.17','6','10','1.18','6.5','12','1.2','5.5','12','1.18','6','12','1.14','6','15'),(87,1,1,'2008/2009',18,'2009-01-17 00:00:00',492782,8342,8203,3,0,0,0,0,0,0,0,0,0,0,0,0,0,0,0,0,0,0,0,0,0,0,0,0,0,0,0,0,0,0,0,0,0,0,0,0,0,0,0,0,0,0,0,0,0,0,0,0,0,0,0,0,0,0,0,0,0,0,0,0,0,0,0,0,0,0,0,'','','','','','','','','1.45','4','6','1.45','3.6','7','1.33','4.2','8','1.36','4','7','','','','1.4','3.75','7','1.4','4','8','1.4','4.2','7','1.45','4.1','6.5','1.44','3.75','6.5'),(88,1,1,'2008/2009',18,'2009-01-17 00:00:00',492785,8571,9999,2,1,0,0,0,0,0,0,0,0,0,0,0,0,0,0,0,0,0,0,0,0,0,0,0,0,0,0,0,0,0,0,0,0,0,0,0,0,0,0,0,0,0,0,0,0,0,0,0,0,0,0,0,0,0,0,0,0,0,0,0,0,0,0,0,0,0,0,'','','','','','','','','1.67','3.5','4.75','1.65','3.45','4.6','1.7','3.3','4','1.67','3.3','4.5','','','','1.67','3.4','4.33','1.67','3.5','5','1.65','3.5','4.75','1.67','3.4','4.75','1.62','3.4','5'),(89,1,1,'2008/2009',18,'2009-01-17 00:00:00',492789,9996,4049,1,1,0,0,0,0,0,0,0,0,0,0,0,0,0,0,0,0,0,0,0,0,0,0,0,0,0,0,0,0,0,0,0,0,0,0,0,0,0,0,0,0,0,0,0,0,0,0,0,0,0,0,0,0,0,0,0,0,0,0,0,0,0,0,0,0,0,0,'','','','','','','','','1.45','3.8','6.5','1.55','3.5','5.5','1.5','3.7','5','1.53','3.5','5.5','','','','1.5','3.6','5.5','1.44','3.8','7.5','1.5','3.7','6','1.53','3.6','6','1.5','3.6','6'),(90,1,1,'2008/2009',18,'2009-01-18 00:00:00',492792,9986,10001,1,2,0,0,0,0,0,0,0,0,0,0,0,0,0,0,0,0,0,0,0,0,0,0,0,0,0,0,0,0,0,0,0,0,0,0,0,0,0,0,0,0,0,0,0,0,0,0,0,0,0,0,0,0,0,0,0,0,0,0,0,0,0,0,0,0,0,0,'','','','','','','','','2.1','3.3','3.5','2.1','3.15','3.15','2.2','3.1','2.8','2.1','3.2','3','','','','2.1','3.2','3','2.1','3.2','3.4','2.2','3.1','3.1','2.15','3.2','3.1','2.2','3.2','2.88'),(91,1,1,'2008/2009',19,'2009-01-25 00:00:00',492798,10000,8342,3,1,0,0,0,0,0,0,0,0,0,0,0,0,0,0,0,0,0,0,0,0,0,0,0,0,0,0,0,0,0,0,0,0,0,0,0,0,0,0,0,0,0,0,0,0,0,0,0,0,0,0,0,0,0,0,0,0,0,0,0,0,0,0,0,0,0,0,'','','','','','','','','2.7','3.25','2.4','2.75','3.2','2.3','2.9','3.2','2.1','2.75','3.25','2.2','','','','2.6','3.25','2.3','3','3.25','2.25','2.8','3.2','2.3','2.8','3.25','2.3','2.62','3.2','2.38'),(92,1,1,'2008/2009',19,'2009-02-18 00:00:00',492801,9991,8635,1,2,0,0,0,0,0,0,0,0,0,0,0,0,0,0,0,0,0,0,0,0,0,0,0,0,0,0,0,0,0,0,0,0,0,0,0,0,0,0,0,0,0,0,0,0,0,0,0,0,0,0,0,0,0,0,0,0,0,0,0,0,0,0,0,0,0,0,'','','','','','','','','3','3.3','2.2','2.8','3.2','2.3','3.1','3','2.1','2.75','3.25','2.2','','','','2.75','3.2','2.25','3.25','3.25','2.15','2.8','3.25','2.2','2.85','3.25','2.3','2.75','3.25','2.3'),(93,1,1,'2008/2009',19,'2009-01-25 00:00:00',492804,10001,9985,0,1,0,0,0,0,0,0,0,0,0,0,0,0,0,0,0,0,0,0,0,0,0,0,0,0,0,0,0,0,0,0,0,0,0,0,0,0,0,0,0,0,0,0,0,0,0,0,0,0,0,0,0,0,0,0,0,0,0,0,0,0,0,0,0,0,0,0,'','','','','','','','','3.4','3.25','2','3.4','3.35','1.95','3.3','3.3','1.9','2.75','3.25','2.2','','','','2.9','3.25','2.1','3.5','3.25','2.05','3.6','3.3','1.9','3.4','3.25','2','3.5','3.3','1.91'),(94,1,1,'2008/2009',19,'2009-01-24 00:00:00',492805,9987,9998,2,0,0,0,0,0,0,0,0,0,0,0,0,0,0,0,0,0,0,0,0,0,0,0,0,0,0,0,0,0,0,0,0,0,0,0,0,0,0,0,0,0,0,0,0,0,0,0,0,0,0,0,0,0,0,0,0,0,0,0,0,0,0,0,0,0,0,0,'','','','','','','','','1.44','4','6.5','1.4','3.85','7.1','1.45','3.8','5.4','1.4','3.75','7','','','','1.5','3.6','5.5','1.44','4','7','1.4','4','7','1.45','3.9','6.5','1.44','3.75','6.5'),(95,1,1,'2008/2009',19,'2009-01-24 00:00:00',492807,9999,9986,3,1,0,0,0,0,0,0,0,0,0,0,0,0,0,0,0,0,0,0,0,0,0,0,0,0,0,0,0,0,0,0,0,0,0,0,0,0,0,0,0,0,0,0,0,0,0,0,0,0,0,0,0,0,0,0,0,0,0,0,0,0,0,0,0,0,0,0,'','','','','','','','','2.7','3.2','2.4','2.6','3.25','2.4','2.4','3.2','2.4','2.5','3.2','2.5','','','','2.5','3.1','2.5','2.75','3.2','2.5','2.65','3.2','2.35','2.65','3.2','2.45','2.5','3.2','2.5'),(96,1,1,'2008/2009',19,'2009-01-24 00:00:00',492810,4049,9994,2,1,0,0,0,0,0,0,0,0,0,0,0,0,0,0,0,0,0,0,0,0,0,0,0,0,0,0,0,0,0,0,0,0,0,0,0,0,0,0,0,0,0,0,0,0,0,0,0,0,0,0,0,0,0,0,0,0,0,0,0,0,0,0,0,0,0,0,'','','','','','','','','2.9','3.2','2.25','2.85','3.25','2.2','2.5','3.2','2.3','2.75','3.25','2.2','','','','2.8','3.25','2.2','3','3.2','2.3','2.7','3.2','2.35','2.75','3.2','2.35','2.8','3.2','2.25'),(97,1,1,'2008/2009',19,'2009-01-24 00:00:00',492814,8203,9996,2,2,0,0,0,0,0,0,0,0,0,0,0,0,0,0,0,0,0,0,0,0,0,0,0,0,0,0,0,0,0,0,0,0,0,0,0,0,0,0,0,0,0,0,0,0,0,0,0,0,0,0,0,0,0,0,0,0,0,0,0,0,0,0,0,0,0,0,'','','','','','','','','2.3','3.25','2.8','2.25','3.2','2.85','2.2','3.2','2.75','2.2','3.25','2.75','','','','2.3','3.25','2.6','2.3','3.2','3','2.3','3.2','2.8','2.3','3.2','2.85','2.3','3.2','2.75'),(98,1,1,'2008/2009',19,'2009-01-24 00:00:00',492817,9984,8571,0,1,0,0,0,0,0,0,0,0,0,0,0,0,0,0,0,0,0,0,0,0,0,0,0,0,0,0,0,0,0,0,0,0,0,0,0,0,0,0,0,0,0,0,0,0,0,0,0,0,0,0,0,0,0,0,0,0,0,0,0,0,0,0,0,0,0,0,'','','','','','','','','1.57','3.6','5.25','1.5','3.65','5.75','1.55','3.5','4.8','1.57','3.5','5','','','','1.57','3.5','5','1.57','3.75','5.5','1.55','3.5','5.5','1.57','3.5','5.5','1.53','3.6','5.5'),(99,1,1,'2008/2009',19,'2009-01-24 00:00:00',492819,7947,9993,0,1,0,0,0,0,0,0,0,0,0,0,0,0,0,0,0,0,0,0,0,0,0,0,0,0,0,0,0,0,0,0,0,0,0,0,0,0,0,0,0,0,0,0,0,0,0,0,0,0,0,0,0,0,0,0,0,0,0,0,0,0,0,0,0,0,0,0,'','','','','','','','','3.2','3.25','2.1','2.75','3.2','2.3','2.5','3.2','2.3','2.6','3.2','2.37','','','','2.5','3.25','2.4','3','3.25','2.25','2.9','3.2','2.25','2.85','3.2','2.3','2.88','3.2','2.2'),(100,1,1,'2008/2009',2,'2008-10-29 00:00:00',492482,8342,10000,2,0,0,0,0,0,0,0,0,0,0,0,0,0,0,0,0,0,0,0,0,0,0,0,0,0,0,0,0,0,0,0,0,0,0,0,0,0,0,0,0,0,0,0,0,0,0,0,0,0,0,0,0,0,0,0,0,0,0,0,0,0,0,0,0,0,0,0,'','','','','','','','','1.33','4.5','8','1.32','4.5','8','1.3','4.2','8','1.33','4','8','','','','1.35','4.2','7','1.4','4.5','8','1.33','4.35','8','1.4','4.25','7.5','1.4','4','7');
/*!40000 ALTER TABLE `Match` ENABLE KEYS */;
UNLOCK TABLES;

--
-- Table structure for table `Player`
--

DROP TABLE IF EXISTS `Player`;
/*!40101 SET @saved_cs_client     = @@character_set_client */;
/*!40101 SET character_set_client = utf8 */;
CREATE TABLE `Player` (
  `id` int(11) DEFAULT NULL,
  `player_api_id` int(11) DEFAULT NULL,
  `player_name` text,
  `player_fifa_api_id` int(11) DEFAULT NULL,
  `birthday` text,
  `height` int(11) DEFAULT NULL,
  `weight` int(11) DEFAULT NULL
) ENGINE=InnoDB DEFAULT CHARSET=utf8mb4;
/*!40101 SET character_set_client = @saved_cs_client */;

--
-- Dumping data for table `Player`
--

LOCK TABLES `Player` WRITE;
/*!40000 ALTER TABLE `Player` DISABLE KEYS */;
INSERT INTO `Player` VALUES (1,505942,'Aaron Appindangoye',218353,'1992-02-29 00:00:00',183,187),(2,155782,'Aaron Cresswell',189615,'1989-12-15 00:00:00',170,146),(3,162549,'Aaron Doran',186170,'1991-05-13 00:00:00',170,163),(4,30572,'Aaron Galindo',140161,'1982-05-08 00:00:00',183,198),(5,23780,'Aaron Hughes',17725,'1979-11-08 00:00:00',183,154),(6,27316,'Aaron Hunt',158138,'1986-09-04 00:00:00',183,161),(7,564793,'Aaron Kuhl',221280,'1996-01-30 00:00:00',173,146),(8,30895,'Aaron Lennon',152747,'1987-04-16 00:00:00',165,139),(9,528212,'Aaron Lennox',206592,'1993-02-19 00:00:00',191,181),(10,101042,'Aaron Meijers',188621,'1987-10-28 00:00:00',175,170),(11,23889,'Aaron Mokoena',47189,'1980-11-25 00:00:00',183,181),(12,231592,'Aaron Mooy',194958,'1990-09-15 00:00:00',175,150),(13,163222,'Aaron Muirhead',213568,'1990-08-30 00:00:00',188,168),(14,40719,'Aaron Niguez',183853,'1989-04-26 00:00:00',170,143),(15,75489,'Aaron Ramsey',186561,'1990-12-26 00:00:00',178,154),(16,597948,'Aaron Splaine',226014,'1996-10-13 00:00:00',173,163),(17,161644,'Aaron Taylor-Sinclair',213569,'1991-04-08 00:00:00',183,176),(18,23499,'Aaron Wilbraham',2335,'1979-10-21 00:00:00',191,159),(19,120919,'Aatif Chahechouhe',187939,'1986-07-02 00:00:00',175,150),(20,46447,'Abasse Ba',156626,'1976-07-12 00:00:00',188,185),(21,167027,'Abdelaziz Barrada',192274,'1989-06-19 00:00:00',178,161),(22,245653,'Abdelfettah Boukhriss',202425,'1986-10-22 00:00:00',185,161),(23,128456,'Abdelhamid El Kaoutari',188145,'1990-03-17 00:00:00',180,161),(24,42664,'Abdelkader Ghezzal',178063,'1984-12-05 00:00:00',183,172),(25,425950,'Abdellah Zoubir',212934,'1991-12-05 00:00:00',180,161),(26,38423,'Abdelmajid Oulmers',52782,'1978-09-12 00:00:00',173,143),(27,3264,'Abdelmalek Cherrad',51868,'1981-01-14 00:00:00',185,165),(28,467485,'Abdelmalek El Hasnaoui',209399,'1994-02-09 00:00:00',180,159),(29,306735,'Abdelouahed Chakhsi',210504,'1986-10-01 00:00:00',183,170),(30,41659,'Abderrazak Jadid',149241,'1983-06-01 00:00:00',178,157),(31,31684,'Abdeslam Ouaddou',33022,'1978-11-01 00:00:00',191,181),(32,32637,'Abdessalam Benjelloun',177295,'1985-01-28 00:00:00',188,179),(33,563215,'Abdou Diallo',225711,'1996-05-04 00:00:00',183,159),(34,41093,'Abdou Traore',187048,'1988-01-17 00:00:00',180,174),(35,564712,'Abdoul Ba',225050,'1994-02-08 00:00:00',201,212),(36,67334,'Abdoul Karim Yoda',188232,'1988-10-25 00:00:00',183,161),(37,173955,'Abdoul Razzagui Camara',193953,'1990-02-20 00:00:00',178,157),(38,39562,'Abdoulay Konko',161999,'1984-03-09 00:00:00',183,157),(39,191784,'Abdoulaye Ba',204826,'1991-01-01 00:00:00',198,174),(40,210400,'Abdoulaye Bamba',199313,'1990-04-25 00:00:00',183,150),(41,201915,'Abdoulaye Diaby',202330,'1991-05-21 00:00:00',173,154),(42,194479,'Abdoulaye Diallo Sadio,22',204171,'1990-12-28 00:00:00',183,168),(43,189181,'Abdoulaye Diallo',197233,'1992-03-30 00:00:00',188,174),(44,352887,'Abdoulaye Doucoure',208135,'1993-01-01 00:00:00',183,165),(45,40005,'Abdoulaye Faye',100329,'1978-02-26 00:00:00',188,218),(46,409003,'Abdoulaye Keita',212280,'1994-01-05 00:00:00',175,165),(47,37280,'Abdoulaye Meite',41745,'1980-10-06 00:00:00',185,181),(48,439366,'Abdoulaye Toure',210450,'1994-03-03 00:00:00',188,170),(49,148827,'Abdoulwahid Sissoko',189568,'1990-03-20 00:00:00',183,165),(50,173011,'Abdourahman Dampha',197901,'1991-12-27 00:00:00',183,168),(51,419681,'Abdul Aziz Tetteh',190193,'1989-02-10 00:00:00',183,190),(52,196947,'Abdul Majeed Waris',198420,'1991-09-19 00:00:00',173,157),(53,89405,'Abdul Osman',184768,'1987-02-27 00:00:00',183,154),(54,324910,'Abdul Rahman Baba',209620,'1994-07-02 00:00:00',178,154),(55,67952,'Abdul-Yakinu Iddi',180316,'1986-05-25 00:00:00',173,146),(56,31012,'Abdulkader Keita',157191,'1981-08-06 00:00:00',183,172),(57,176301,'Abdulla Fatadi',210766,'1985-11-02 00:00:00',175,172),(58,307227,'Abdullah Al Hafith',207716,'1992-12-25 00:00:00',188,165),(59,176302,'Abdullah Omar',192670,'1987-01-01 00:00:00',175,157),(60,525595,'Abdullahi Shehu',229026,'1993-03-12 00:00:00',180,159),(61,24385,'Abel Aguilar',177974,'1985-01-06 00:00:00',185,176),(62,29904,'Abel Gomez',111085,'1982-02-20 00:00:00',183,165),(63,105548,'Abel Hernandez',188484,'1990-08-08 00:00:00',185,161),(64,172875,'Abel Issa Camara',208005,'1990-01-06 00:00:00',185,179),(65,302985,'Abel Khaled',207541,'1992-11-09 00:00:00',180,148),(66,240556,'Abel Tamata',202153,'1990-12-05 00:00:00',183,170),(67,40938,'Abel',17880,'1978-12-22 00:00:00',178,165),(68,37422,'Abella Perez Damia',159580,'1982-04-15 00:00:00',188,174),(69,114503,'Abiola Dauda',187175,'1988-02-03 00:00:00',180,165),(70,27277,'Abou Diaby',163423,'1986-05-11 00:00:00',193,168),(71,181344,'Aboubacar Tandia',138675,'1983-10-05 00:00:00',193,185),(72,581141,'Aboubakar Kamara',225541,'1995-03-07 00:00:00',178,168),(73,80592,'Aboubakar Oumarou',218548,'1987-04-01 00:00:00',183,168),(74,165706,'Abraham Gonzalez',159566,'1985-07-16 00:00:00',178,176),(75,210453,'Abraham Guie Gneki',199724,'1986-07-25 00:00:00',180,154),(76,208635,'Abraham Kudemor',202600,'1985-02-25 00:00:00',183,179),(77,213695,'Abraham Minero',198840,'1986-02-22 00:00:00',175,157),(78,33715,'Abraham Paz Cruz',114663,'1979-03-14 00:00:00',178,165),(79,41489,'Achille Coser',163901,'1982-07-14 00:00:00',185,174),(80,25571,'Achille Emana',112392,'1982-06-05 00:00:00',180,170),(81,660145,'Achille Vaarnold',229149,'1996-01-26 00:00:00',175,157),(82,45960,'Achmed Ahahaoui',171405,'1983-12-06 00:00:00',178,152),(83,293235,'Achraf Lazaar',206161,'1992-09-22 00:00:00',183,168),(84,34487,'Aco Stojkov',140730,'1983-04-29 00:00:00',178,165),(85,26331,'Adailton',158505,'1983-04-14 00:00:00',191,187),(86,41749,'Adailton',4769,'1977-01-24 00:00:00',175,161),(87,495841,'Adalberto Penaranda',231638,'1997-05-31 00:00:00',183,172),(88,519835,'Adam Armstrong',221841,'1997-02-10 00:00:00',173,152),(89,68840,'Adam Banas',189047,'1982-12-25 00:00:00',185,174),(90,27534,'Adam Bodzek',177129,'1985-09-07 00:00:00',183,174),(91,157303,'Adam Bogdan',184585,'1987-09-27 00:00:00',193,198),(92,563198,'Adam Brown',224355,'1995-06-09 00:00:00',178,141),(93,557396,'Adam Buksa',224438,'1996-07-12 00:00:00',191,172),(94,365666,'Adam Campbell',206567,'1995-01-01 00:00:00',170,161),(95,180197,'Adam Collin',53363,'1984-12-09 00:00:00',191,172),(96,310346,'Adam Cummins',200743,'1993-03-03 00:00:00',188,172),(97,68962,'Adam Danch',180440,'1987-12-15 00:00:00',183,179),(98,429870,'Adam Deja',212988,'1993-06-24 00:00:00',185,181),(99,23133,'Adam Drury',101882,'1978-08-29 00:00:00',180,161),(100,420209,'Adam Drury',205162,'1993-09-09 00:00:00',178,152);
/*!40000 ALTER TABLE `Player` ENABLE KEYS */;
UNLOCK TABLES;

--
-- Table structure for table `Player_Attributes`
--

DROP TABLE IF EXISTS `Player_Attributes`;
/*!40101 SET @saved_cs_client     = @@character_set_client */;
/*!40101 SET character_set_client = utf8 */;
CREATE TABLE `Player_Attributes` (
  `id` int(11) DEFAULT NULL,
  `player_fifa_api_id` int(11) DEFAULT NULL,
  `player_api_id` int(11) DEFAULT NULL,
  `date` text,
  `overall_rating` int(11) DEFAULT NULL,
  `potential` int(11) DEFAULT NULL,
  `preferred_foot` text,
  `attacking_work_rate` text,
  `defensive_work_rate` text,
  `crossing` int(11) DEFAULT NULL,
  `finishing` int(11) DEFAULT NULL,
  `heading_accuracy` int(11) DEFAULT NULL,
  `short_passing` int(11) DEFAULT NULL,
  `volleys` int(11) DEFAULT NULL,
  `dribbling` int(11) DEFAULT NULL,
  `curve` int(11) DEFAULT NULL,
  `free_kick_accuracy` int(11) DEFAULT NULL,
  `long_passing` int(11) DEFAULT NULL,
  `ball_control` int(11) DEFAULT NULL,
  `acceleration` int(11) DEFAULT NULL,
  `sprint_speed` int(11) DEFAULT NULL,
  `agility` int(11) DEFAULT NULL,
  `reactions` int(11) DEFAULT NULL,
  `balance` int(11) DEFAULT NULL,
  `shot_power` int(11) DEFAULT NULL,
  `jumping` int(11) DEFAULT NULL,
  `stamina` int(11) DEFAULT NULL,
  `strength` int(11) DEFAULT NULL,
  `long_shots` int(11) DEFAULT NULL,
  `aggression` int(11) DEFAULT NULL,
  `interceptions` int(11) DEFAULT NULL,
  `positioning` int(11) DEFAULT NULL,
  `vision` int(11) DEFAULT NULL,
  `penalties` int(11) DEFAULT NULL,
  `marking` int(11) DEFAULT NULL,
  `standing_tackle` int(11) DEFAULT NULL,
  `sliding_tackle` int(11) DEFAULT NULL,
  `gk_diving` int(11) DEFAULT NULL,
  `gk_handling` int(11) DEFAULT NULL,
  `gk_kicking` int(11) DEFAULT NULL,
  `gk_positioning` int(11) DEFAULT NULL,
  `gk_reflexes` int(11) DEFAULT NULL
) ENGINE=InnoDB DEFAULT CHARSET=utf8mb4;
/*!40101 SET character_set_client = @saved_cs_client */;

--
-- Dumping data for table `Player_Attributes`
--

LOCK TABLES `Player_Attributes` WRITE;
/*!40000 ALTER TABLE `Player_Attributes` DISABLE KEYS */;
INSERT INTO `Player_Attributes` VALUES (1,218353,505942,'2016-02-18 00:00:00',67,71,'right','medium','medium',49,44,71,61,44,51,45,39,64,49,60,64,59,47,65,55,58,54,76,35,71,70,45,54,48,65,69,69,6,11,10,8,8),(2,218353,505942,'2015-11-19 00:00:00',67,71,'right','medium','medium',49,44,71,61,44,51,45,39,64,49,60,64,59,47,65,55,58,54,76,35,71,70,45,54,48,65,69,69,6,11,10,8,8),(3,218353,505942,'2015-09-21 00:00:00',62,66,'right','medium','medium',49,44,71,61,44,51,45,39,64,49,60,64,59,47,65,55,58,54,76,35,63,41,45,54,48,65,66,69,6,11,10,8,8),(4,218353,505942,'2015-03-20 00:00:00',61,65,'right','medium','medium',48,43,70,60,43,50,44,38,63,48,60,64,59,46,65,54,58,54,76,34,62,40,44,53,47,62,63,66,5,10,9,7,7),(5,218353,505942,'2007-02-22 00:00:00',61,65,'right','medium','medium',48,43,70,60,43,50,44,38,63,48,60,64,59,46,65,54,58,54,76,34,62,40,44,53,47,62,63,66,5,10,9,7,7),(6,189615,155782,'2016-04-21 00:00:00',74,76,'left','high','medium',80,53,58,71,40,73,70,69,68,71,79,78,78,67,90,71,85,79,56,62,68,67,60,66,59,76,75,78,14,7,9,9,12),(7,189615,155782,'2016-04-07 00:00:00',74,76,'left','high','medium',80,53,58,71,32,73,70,69,68,71,79,78,78,67,90,71,85,79,56,60,68,67,60,66,59,76,75,78,14,7,9,9,12),(8,189615,155782,'2016-01-07 00:00:00',73,75,'left','high','medium',79,52,57,70,29,71,68,69,68,70,79,78,78,67,90,71,84,79,56,59,67,66,58,65,59,76,75,78,14,7,9,9,12),(9,189615,155782,'2015-12-24 00:00:00',73,75,'left','high','medium',79,51,57,70,29,71,68,69,68,70,79,78,78,67,90,71,84,79,56,58,67,66,58,65,59,76,75,78,14,7,9,9,12),(10,189615,155782,'2015-12-17 00:00:00',73,75,'left','high','medium',79,51,57,70,29,71,68,69,68,70,79,78,78,67,90,71,84,79,56,58,67,66,58,65,59,76,75,78,14,7,9,9,12),(11,189615,155782,'2015-10-16 00:00:00',73,77,'left','high','medium',79,51,57,70,29,71,68,69,68,70,79,78,78,67,90,71,84,79,56,58,67,66,58,65,59,76,75,78,14,7,9,9,12),(12,189615,155782,'2015-09-25 00:00:00',74,78,'left','high','medium',79,51,57,70,29,71,68,69,68,70,80,78,78,67,90,71,84,79,56,58,67,66,58,65,59,76,75,78,14,7,9,9,12),(13,189615,155782,'2015-09-21 00:00:00',73,77,'left','medium','medium',79,51,57,70,29,67,68,69,68,68,79,78,78,67,90,71,84,79,56,58,67,66,58,65,59,76,75,78,14,7,9,9,12),(14,189615,155782,'2015-01-09 00:00:00',71,75,'left','medium','medium',78,50,56,69,28,66,67,68,67,67,79,82,79,71,90,70,84,79,50,56,66,65,57,64,58,73,72,72,13,6,8,8,11),(15,189615,155782,'2014-12-05 00:00:00',71,77,'left','medium','medium',78,50,56,69,28,66,67,68,67,67,79,82,79,71,90,70,84,79,50,56,66,65,57,64,58,73,72,72,13,6,8,8,11),(16,189615,155782,'2014-11-07 00:00:00',71,77,'left','medium','medium',78,50,56,69,28,66,67,68,67,67,79,82,79,71,90,70,84,79,50,56,66,65,57,64,58,73,72,72,13,6,8,8,11),(17,189615,155782,'2014-09-18 00:00:00',70,77,'left','medium','medium',77,50,51,67,28,66,67,68,67,66,79,82,79,69,90,70,84,79,50,56,66,62,57,64,58,73,72,72,13,6,8,8,11),(18,189615,155782,'2014-05-02 00:00:00',70,79,'left','medium','medium',77,50,51,67,28,66,67,68,67,66,84,82,81,69,90,70,84,80,50,56,66,62,57,64,58,73,72,72,13,6,8,8,11),(19,189615,155782,'2014-04-04 00:00:00',70,79,'left','medium','medium',77,50,51,67,28,66,67,68,67,66,84,82,81,69,90,70,84,80,50,56,66,62,57,64,58,73,72,72,13,6,8,8,11),(20,189615,155782,'2014-03-14 00:00:00',70,79,'left','medium','medium',77,50,51,67,28,66,66,68,67,65,84,82,81,69,90,70,84,79,49,55,66,62,57,61,58,73,72,72,13,6,8,8,11),(21,189615,155782,'2013-12-13 00:00:00',70,79,'left','medium','medium',77,50,51,67,28,66,66,68,67,67,84,82,81,71,90,70,84,79,49,55,66,62,57,61,58,73,72,72,13,6,8,8,11),(22,189615,155782,'2013-11-08 00:00:00',70,79,'left','medium','medium',77,50,51,67,28,66,66,68,67,67,84,82,81,71,90,70,84,79,49,55,66,62,57,61,58,73,72,72,13,6,8,8,11),(23,189615,155782,'2013-10-04 00:00:00',69,79,'left','medium','medium',77,50,50,64,28,66,66,68,65,67,84,82,81,70,90,70,84,77,48,55,63,62,56,58,58,73,72,72,13,6,8,8,11),(24,189615,155782,'2013-09-20 00:00:00',69,79,'left','medium','medium',77,50,50,64,28,66,66,68,65,67,84,82,81,70,90,70,84,76,48,55,63,62,56,58,58,73,72,72,13,6,8,8,11),(25,189615,155782,'2013-05-03 00:00:00',69,80,'left','medium','medium',77,50,50,64,28,65,65,68,65,65,84,81,77,70,90,70,77,74,48,55,63,62,56,58,58,72,72,72,13,6,8,8,11),(26,189615,155782,'2013-03-22 00:00:00',69,80,'left','medium','medium',77,50,50,64,28,65,65,68,65,65,84,81,77,70,90,70,77,74,48,55,63,62,56,58,58,72,72,72,13,6,8,8,11),(27,189615,155782,'2013-03-15 00:00:00',69,80,'left','medium','medium',77,50,50,64,28,65,65,68,65,65,84,81,77,70,90,70,77,74,48,55,63,62,56,58,58,72,72,72,13,6,8,8,11),(28,189615,155782,'2013-02-22 00:00:00',69,80,'left','medium','medium',77,50,50,64,28,65,65,68,65,65,85,81,81,70,90,70,77,74,48,55,63,62,56,58,58,72,72,72,13,6,8,8,11),(29,189615,155782,'2013-02-15 00:00:00',69,80,'left','medium','medium',77,50,50,64,28,65,65,68,65,65,85,81,81,70,90,70,77,74,48,55,63,62,56,58,58,72,72,72,13,6,8,8,11),(30,189615,155782,'2012-08-31 00:00:00',68,80,'left','medium','medium',77,50,50,64,28,64,63,68,65,64,85,81,81,70,90,70,77,73,48,55,63,62,56,63,58,72,72,72,13,6,8,8,11),(31,189615,155782,'2012-02-22 00:00:00',65,68,'left','medium','medium',77,53,52,62,30,62,64,68,68,64,69,72,74,66,87,65,73,63,56,54,64,59,56,63,58,66,68,67,13,6,8,8,11),(32,189615,155782,'2011-08-30 00:00:00',64,68,'left','medium','medium',74,53,52,59,30,62,64,68,68,64,69,72,74,66,87,65,64,63,56,54,64,59,56,47,58,64,64,67,13,6,8,8,11),(33,189615,155782,'2010-08-30 00:00:00',54,65,'left','medium','medium',58,40,52,45,30,44,41,43,46,43,43,47,59,62,62,48,48,59,43,54,64,40,19,38,35,53,60,63,13,6,8,8,11),(34,189615,155782,'2010-02-22 00:00:00',51,64,'left','medium','medium',57,39,51,44,30,43,41,42,45,42,42,46,59,61,62,47,48,55,37,53,63,31,27,38,28,52,59,63,6,22,45,22,22),(35,189615,155782,'2009-08-30 00:00:00',52,65,'left','medium','medium',58,40,52,45,30,44,41,43,46,43,43,47,59,62,62,48,48,56,38,54,64,32,28,38,29,53,60,63,6,22,46,22,22),(36,189615,155782,'2009-02-22 00:00:00',47,60,'left','medium','medium',22,48,52,39,30,26,41,26,49,34,66,59,59,65,62,48,48,56,63,35,64,32,28,38,29,53,45,63,6,22,49,22,22),(37,189615,155782,'2008-08-30 00:00:00',53,60,'right','medium','medium',22,48,52,39,30,26,41,26,49,34,66,59,59,65,62,48,48,56,68,35,64,32,28,38,29,53,45,63,6,22,49,22,22),(38,189615,155782,'2007-02-22 00:00:00',53,60,'right','medium','medium',22,48,52,39,30,26,41,26,49,34,66,59,59,65,62,48,48,56,68,35,64,32,28,38,29,53,45,63,6,22,49,22,22),(39,186170,162549,'2016-01-07 00:00:00',65,67,'right','medium','medium',64,58,60,66,52,66,67,63,62,67,77,74,85,51,92,61,65,66,71,57,60,55,64,68,61,23,22,24,16,11,12,9,13),(40,186170,162549,'2015-10-09 00:00:00',66,70,'right','medium','medium',64,58,60,66,52,66,67,63,62,67,81,75,85,51,92,61,65,66,71,57,60,55,64,68,61,23,22,24,16,11,12,9,13),(41,186170,162549,'2015-09-21 00:00:00',66,70,'right','medium','medium',64,58,60,66,52,66,67,63,62,67,78,75,85,51,92,61,65,66,71,57,60,55,64,68,61,23,22,24,16,11,12,9,13),(42,186170,162549,'2014-12-12 00:00:00',67,72,'right','medium','medium',65,52,59,66,51,66,68,62,64,67,82,80,81,50,92,60,71,72,71,56,59,54,67,71,60,22,21,21,15,10,11,8,12),(43,186170,162549,'2014-09-18 00:00:00',68,72,'right','medium','medium',67,52,59,66,51,69,68,62,64,68,82,80,81,50,92,60,71,72,71,56,59,54,67,71,60,22,21,21,15,10,11,8,12),(44,186170,162549,'2014-04-18 00:00:00',68,77,'right','medium','medium',67,52,59,66,51,69,68,62,64,68,82,80,81,50,92,60,71,72,71,56,59,54,67,71,60,22,21,21,15,10,11,8,12),(45,186170,162549,'2014-03-14 00:00:00',68,77,'right','medium','medium',67,52,59,66,51,69,68,62,64,68,82,80,81,50,92,60,71,72,71,56,59,54,67,71,60,22,21,21,15,10,11,8,12),(46,186170,162549,'2014-01-31 00:00:00',69,78,'right','medium','medium',69,52,62,68,51,70,71,64,64,71,82,80,81,50,92,60,71,72,71,56,59,54,67,72,63,22,21,21,15,10,11,8,12),(47,186170,162549,'2013-11-29 00:00:00',70,78,'right','medium','medium',72,52,62,71,51,72,72,64,64,71,82,80,81,50,92,60,71,72,71,56,59,54,67,72,63,22,21,21,15,10,11,8,12),(48,186170,162549,'2013-09-20 00:00:00',71,78,'right','medium','medium',73,52,62,71,51,74,72,64,64,73,82,80,81,50,92,60,71,72,71,56,59,54,67,72,63,22,21,21,15,10,11,8,12),(49,186170,162549,'2013-05-31 00:00:00',70,76,'right','medium','medium',72,52,62,69,51,73,70,64,64,72,74,79,81,50,84,56,71,72,71,51,59,44,68,72,63,22,21,21,15,10,11,8,12),(50,186170,162549,'2013-04-26 00:00:00',70,76,'right','medium','medium',72,52,62,69,51,73,70,64,64,72,74,79,81,50,84,56,71,72,71,51,59,44,68,72,63,22,21,21,15,10,11,8,12),(51,186170,162549,'2013-04-19 00:00:00',70,76,'right','medium','medium',72,52,62,69,51,73,70,64,64,72,74,79,81,50,84,56,71,72,71,51,59,44,68,73,63,22,21,21,15,10,11,8,12),(52,186170,162549,'2013-04-05 00:00:00',70,76,'right','medium','medium',72,52,62,67,51,73,70,64,61,72,74,79,81,50,84,56,71,72,71,51,59,44,68,73,63,22,21,21,15,10,11,8,12),(53,186170,162549,'2013-03-22 00:00:00',69,76,'right','medium','medium',72,56,62,66,51,73,70,64,62,72,74,79,81,50,84,62,71,72,71,52,59,44,66,73,63,22,21,21,15,10,11,8,12),(54,186170,162549,'2013-03-08 00:00:00',69,76,'right','medium','medium',72,56,62,66,51,73,70,64,62,72,74,79,81,50,84,62,71,72,71,52,59,44,66,73,63,22,21,21,15,10,11,8,12),(55,186170,162549,'2013-02-15 00:00:00',69,76,'right','medium','medium',72,56,62,66,51,73,70,64,62,72,74,79,81,50,84,62,71,72,71,52,59,44,66,73,63,22,21,21,15,10,11,8,12),(56,186170,162549,'2012-08-31 00:00:00',65,72,'right','medium','medium',63,56,62,61,51,67,43,41,53,67,76,80,81,50,87,62,71,72,71,52,59,44,64,63,63,22,21,21,15,10,11,8,12),(57,186170,162549,'2012-02-22 00:00:00',65,75,'right','medium','medium',65,61,62,63,56,66,43,41,57,67,76,75,76,50,84,67,77,81,68,61,59,44,64,63,63,22,21,21,15,10,11,8,12),(58,186170,162549,'2011-08-30 00:00:00',65,75,'right','medium','medium',65,61,62,63,56,66,43,41,57,67,76,75,76,50,84,67,77,73,68,61,59,44,64,63,63,22,21,21,15,10,11,8,12),(59,186170,162549,'2011-02-22 00:00:00',67,78,'right','medium','medium',69,69,62,65,63,67,43,41,58,74,68,75,66,51,56,74,56,68,68,76,59,44,62,67,64,22,21,21,15,10,11,8,12),(60,186170,162549,'2010-08-30 00:00:00',67,78,'right','medium','medium',69,69,62,65,63,67,43,41,58,74,68,75,66,51,56,74,56,68,68,76,59,44,62,67,64,22,21,21,15,10,11,8,12),(61,186170,162549,'2010-02-22 00:00:00',65,70,'right','medium','medium',69,69,45,63,63,67,43,41,54,68,71,77,66,51,56,74,56,69,68,67,59,44,50,67,66,22,21,21,8,21,54,21,21),(62,186170,162549,'2009-08-30 00:00:00',65,70,'right','medium','medium',69,69,45,63,63,67,43,41,54,68,71,77,66,51,56,74,56,69,68,67,59,44,50,67,66,22,21,21,8,21,54,21,21),(63,186170,162549,'2009-02-22 00:00:00',59,70,'right','medium','medium',63,69,45,53,63,65,43,41,54,54,65,72,66,51,56,64,56,69,68,63,59,35,30,67,36,21,21,21,8,21,54,21,21),(64,186170,162549,'2007-02-22 00:00:00',59,70,'right','medium','medium',63,69,45,53,63,65,43,41,54,54,65,72,66,51,56,64,56,69,68,63,59,35,30,67,36,21,21,21,8,21,54,21,21),(65,140161,30572,'2016-04-21 00:00:00',69,69,'right','medium','medium',57,21,68,65,48,56,38,40,61,62,33,34,62,57,41,59,71,49,90,29,70,62,26,54,37,72,71,68,15,12,13,12,11),(66,140161,30572,'2015-10-16 00:00:00',69,69,'right','medium','medium',57,21,68,65,48,56,38,40,61,62,33,34,62,57,41,65,71,49,90,29,70,62,26,54,37,72,71,68,15,12,13,12,11),(67,140161,30572,'2015-10-02 00:00:00',69,69,'right','medium','medium',57,21,68,65,48,56,38,40,61,62,33,37,62,57,41,65,71,49,87,29,70,62,26,54,37,72,71,68,15,12,13,12,11),(68,140161,30572,'2015-09-21 00:00:00',69,69,'right','medium','medium',57,21,68,65,48,56,38,40,61,62,33,37,62,57,41,65,71,49,87,29,70,62,26,54,37,72,71,68,15,12,13,12,11),(69,140161,30572,'2015-07-03 00:00:00',67,67,'right','medium','medium',56,20,67,64,47,55,37,39,60,61,37,40,63,56,44,64,73,59,86,28,68,61,25,53,36,66,68,65,14,11,12,11,10),(70,140161,30572,'2015-06-12 00:00:00',67,67,'right','medium','medium',56,20,67,64,47,55,37,39,60,61,37,40,63,56,44,64,73,59,86,28,68,61,25,53,36,66,68,65,14,11,12,11,10),(71,140161,30572,'2015-01-16 00:00:00',67,67,'right','medium','medium',56,20,67,64,47,55,37,39,60,61,37,40,63,56,44,64,73,59,86,28,68,61,25,53,36,66,68,65,14,11,12,11,10),(72,140161,30572,'2014-11-14 00:00:00',67,67,'right','medium','medium',56,20,67,64,47,55,37,39,60,61,37,40,63,56,44,64,73,59,81,28,68,61,25,53,36,66,68,65,14,11,12,11,10),(73,140161,30572,'2014-09-18 00:00:00',67,67,'right','medium','medium',56,20,67,64,47,55,37,39,60,61,37,40,63,56,44,64,73,59,81,28,68,61,25,53,36,66,68,65,14,11,12,11,10),(74,140161,30572,'2014-06-06 00:00:00',67,67,'right','medium','medium',57,21,68,65,48,56,38,40,61,62,50,48,63,57,45,65,71,39,78,29,69,62,26,54,37,67,69,66,14,11,12,11,10),(75,140161,30572,'2014-04-11 00:00:00',67,67,'right','medium','medium',57,21,68,65,48,56,38,40,61,62,50,48,63,57,45,65,71,39,78,29,69,62,26,54,37,67,69,66,14,11,12,11,10),(76,140161,30572,'2013-09-20 00:00:00',67,67,'right','medium','medium',57,21,68,65,48,56,38,40,61,62,50,48,63,57,45,65,71,39,78,29,69,62,26,54,37,67,69,66,14,11,12,11,10),(77,140161,30572,'2013-05-10 00:00:00',68,68,'right','medium','medium',57,21,68,65,48,56,38,40,61,62,50,55,63,57,45,65,71,48,77,29,69,62,26,54,37,67,71,70,14,11,12,11,10),(78,140161,30572,'2013-02-15 00:00:00',68,70,'right','medium','medium',57,21,68,65,48,56,38,40,61,62,50,55,63,57,45,65,71,48,77,29,69,62,26,54,37,67,71,70,14,11,12,11,10),(79,140161,30572,'2012-08-31 00:00:00',70,70,'right','medium','medium',57,21,70,65,48,56,38,40,61,62,50,57,63,57,45,65,71,48,77,29,69,65,26,54,37,73,71,70,14,11,12,11,10),(80,140161,30572,'2012-02-22 00:00:00',69,70,'right','medium','medium',57,21,70,65,48,56,38,40,61,62,55,61,63,57,45,65,70,49,75,29,69,65,26,54,37,73,71,70,14,11,12,11,10),(81,140161,30572,'2011-08-30 00:00:00',69,70,'right','medium','high',57,21,70,65,48,56,38,40,61,62,55,61,63,57,45,65,69,49,75,29,69,65,26,54,37,73,71,70,14,11,12,11,10),(82,140161,30572,'2010-02-22 00:00:00',69,70,'right','medium','high',57,21,70,65,48,56,38,40,61,62,55,61,63,57,45,65,69,49,75,29,69,65,26,54,37,73,71,70,14,11,12,11,10),(83,140161,30572,'2009-08-30 00:00:00',74,78,'right','medium','high',59,43,73,71,48,59,38,42,64,70,75,75,63,64,45,67,69,72,72,33,71,65,78,54,59,78,76,70,14,11,64,11,10),(84,140161,30572,'2009-02-22 00:00:00',75,82,'right','medium','high',60,44,74,72,48,60,38,43,65,71,76,79,63,65,45,68,69,77,70,34,72,66,81,54,60,80,78,70,14,11,65,11,10),(85,140161,30572,'2008-08-30 00:00:00',73,82,'right','medium','high',60,44,79,60,48,52,38,43,61,69,76,79,63,65,45,68,69,77,68,34,70,54,68,54,60,77,74,70,14,11,61,11,10),(86,140161,30572,'2007-08-30 00:00:00',71,78,'right','medium','high',58,50,70,60,48,52,38,43,58,66,73,73,63,62,45,65,69,75,68,51,70,54,68,54,60,72,70,70,14,11,58,11,10),(87,140161,30572,'2007-02-22 00:00:00',71,78,'right','medium','high',58,50,70,60,48,52,38,43,58,66,73,73,63,62,45,65,69,75,68,51,70,54,68,54,60,72,70,70,14,11,58,11,10),(88,17725,23780,'2015-12-24 00:00:00',70,70,'right','medium','medium',46,34,73,65,33,47,42,25,58,58,33,31,41,68,52,48,67,60,75,26,66,68,29,41,45,75,73,71,8,6,16,12,11),(89,17725,23780,'2015-09-21 00:00:00',70,70,'right','medium','medium',46,34,73,65,33,47,42,25,58,58,33,31,41,68,52,48,67,60,75,26,66,68,29,41,45,75,73,71,8,6,16,12,11),(90,17725,23780,'2015-05-08 00:00:00',69,69,'right','medium','medium',45,33,72,64,32,46,41,24,57,57,33,31,45,67,59,47,67,60,74,25,65,67,28,40,44,72,70,68,7,5,15,11,10),(91,17725,23780,'2015-04-10 00:00:00',69,69,'right','medium','medium',45,33,72,64,32,46,41,24,57,57,33,31,45,67,59,47,67,60,74,25,65,70,28,40,44,72,70,68,7,5,15,11,10),(92,17725,23780,'2015-03-20 00:00:00',70,70,'right','medium','medium',45,33,72,64,32,46,41,24,57,57,33,31,45,67,59,47,78,60,74,25,65,71,28,40,44,74,71,69,7,5,15,11,10),(93,17725,23780,'2014-09-18 00:00:00',72,72,'right','medium','medium',45,33,72,64,32,46,41,24,57,57,33,31,49,70,59,47,83,62,74,25,65,77,28,40,44,78,72,74,7,5,15,11,10),(94,17725,23780,'2014-01-31 00:00:00',72,72,'right','medium','medium',45,33,72,64,32,46,41,24,57,57,33,48,49,70,59,47,81,62,74,25,65,77,28,40,44,78,72,74,7,5,15,11,10),(95,17725,23780,'2014-01-17 00:00:00',72,72,'right','medium','medium',45,33,72,64,32,46,41,24,57,57,33,48,49,70,59,47,81,62,74,25,65,77,28,40,44,78,72,74,7,5,15,11,10),(96,17725,23780,'2013-09-20 00:00:00',73,73,'right','medium','medium',45,33,72,67,32,46,41,24,57,57,33,53,49,70,59,47,81,62,74,25,65,80,28,40,44,80,74,75,7,5,15,11,10),(97,17725,23780,'2013-05-10 00:00:00',73,73,'right','medium','medium',45,33,72,67,32,46,41,24,57,57,49,53,49,70,59,47,81,62,74,25,65,80,28,40,44,80,74,75,7,5,15,11,10),(98,17725,23780,'2013-04-26 00:00:00',74,74,'right','medium','medium',45,33,72,71,32,48,41,24,57,59,49,53,49,70,59,47,81,62,74,25,65,81,28,40,44,81,75,76,7,5,15,11,10),(99,17725,23780,'2013-03-22 00:00:00',74,74,'right','medium','medium',45,33,72,71,32,48,41,24,57,59,49,53,49,70,59,47,81,62,74,25,65,81,28,40,44,81,75,76,7,5,15,11,10),(100,17725,23780,'2013-03-08 00:00:00',74,74,'right','medium','medium',45,33,72,71,32,48,41,24,57,59,49,53,49,70,59,47,81,62,74,25,65,81,28,40,44,81,75,76,7,5,15,11,10);
/*!40000 ALTER TABLE `Player_Attributes` ENABLE KEYS */;
UNLOCK TABLES;

--
-- Table structure for table `Team`
--

DROP TABLE IF EXISTS `Team`;
/*!40101 SET @saved_cs_client     = @@character_set_client */;
/*!40101 SET character_set_client = utf8 */;
CREATE TABLE `Team` (
  `id` int(11) DEFAULT NULL,
  `team_api_id` int(11) DEFAULT NULL,
  `team_fifa_api_id` int(11) DEFAULT NULL,
  `team_long_name` text,
  `team_short_name` text
) ENGINE=InnoDB DEFAULT CHARSET=utf8mb4;
/*!40101 SET character_set_client = @saved_cs_client */;

--
-- Dumping data for table `Team`
--

LOCK TABLES `Team` WRITE;
/*!40000 ALTER TABLE `Team` DISABLE KEYS */;
INSERT INTO `Team` VALUES (1,9987,673,'KRC Genk','GEN'),(2,9993,675,'Beerschot AC','BAC'),(3,10000,15005,'SV Zulte-Waregem','ZUL'),(4,9994,2007,'Sporting Lokeren','LOK'),(5,9984,1750,'KSV Cercle Brugge','CEB'),(6,8635,229,'RSC Anderlecht','AND'),(7,9991,674,'KAA Gent','GEN'),(8,9998,1747,'RAEC Mons','MON'),(9,7947,0,'FCV Dender EH','DEN'),(10,9985,232,'Standard de Lige','STL'),(11,8203,110724,'KV Mechelen','MEC'),(12,8342,231,'Club Brugge KV','CLB'),(13,9999,546,'KSV Roeselare','ROS'),(14,8571,100081,'KV Kortrijk','KOR'),(15,4049,0,'Tubize','TUB'),(16,9996,111560,'Royal Excel Mouscron','MOU'),(17,10001,681,'KVC Westerlo','WES'),(18,9986,670,'Sporting Charleroi','CHA'),(614,9997,680,'Sint-Truidense VV','STT'),(1034,9989,239,'Lierse SK','LIE'),(1042,6351,2013,'KAS Eupen','EUP'),(1513,1773,100087,'Oud-Heverlee Leuven','O-H'),(2004,8475,110913,'Waasland-Beveren','WAA'),(2476,8573,682,'KV Oostende','OOS'),(2510,274581,111560,'Royal Excel Mouscron','MOP'),(3457,10260,11,'Manchester United','MUN'),(3458,10261,13,'Newcastle United','NEW'),(3459,9825,1,'Arsenal','ARS'),(3460,8659,109,'West Bromwich Albion','WBA'),(3461,8472,106,'Sunderland','SUN'),(3462,8650,9,'Liverpool','LIV'),(3463,8654,19,'West Ham United','WHU'),(3464,8528,1917,'Wigan Athletic','WIG'),(3465,10252,2,'Aston Villa','AVL'),(3466,8456,10,'Manchester City','MCI'),(3467,8668,7,'Everton','EVE'),(3468,8655,3,'Blackburn Rovers','BLB'),(3469,8549,12,'Middlesbrough','MID'),(3470,8586,18,'Tottenham Hotspur','TOT'),(3471,8559,4,'Bolton Wanderers','BOL'),(3472,10194,1806,'Stoke City','STK'),(3473,8667,1952,'Hull City','HUL'),(3474,9879,144,'Fulham','FUL'),(3475,8455,5,'Chelsea','CHE'),(3476,8462,1790,'Portsmouth','POR'),(4218,8658,88,'Birmingham City','BIR'),(4225,8602,110,'Wolverhampton Wanderers','WOL'),(4234,8191,1796,'Burnley','BUR'),(4996,8483,1926,'Blackpool','BLA'),(5744,10003,1960,'Swansea City','SWA'),(5747,10172,15,'Queens Park Rangers','QPR'),(5756,9850,1792,'Norwich City','NOR'),(6504,8466,17,'Southampton','SOU'),(6509,9798,1793,'Reading','REA'),(7261,9826,1799,'Crystal Palace','CRY'),(7276,8344,1961,'Cardiff City','CAR'),(8021,8197,95,'Leicester City','LEI'),(8779,8678,1943,'Bournemouth','BOU'),(8784,9817,1795,'Watford','WAT'),(9537,8583,57,'AJ Auxerre','AUX'),(9538,9830,71,'FC Nantes','NAN'),(9539,9827,59,'Girondins de Bordeaux','BOR'),(9540,7819,210,'SM Caen','CAE'),(9541,9746,1738,'Le Havre AC','LEH'),(9542,9831,72,'OGC Nice','NIC'),(9543,8682,1739,'Le Mans FC','LEM'),(9544,8689,217,'FC Lorient','LOR'),(9545,9748,66,'Olympique Lyonnais','LYO'),(9546,9941,1809,'Toulouse FC','TOU'),(9547,9829,69,'AS Monaco','MON'),(9548,9847,73,'Paris Saint-Germain','PSG'),(9549,8481,1823,'AS Nancy-Lorraine','NAN'),(9550,8639,65,'LOSC Lille','LIL'),(9551,9851,74,'Stade Rennais FC','REN'),(9552,8592,219,'Olympique de Marseille','MAR'),(9553,9874,226,'FC Sochaux-Montbliard','SOC'),(9554,9855,1805,'Grenoble Foot 38','GRE'),(9555,9873,110456,'Valenciennes FC','VAL'),(9556,9853,1819,'AS Saint-tienne','ETI'),(10300,8588,64,'RC Lens','LEN'),(10309,10249,70,'Montpellier Hrault SC','MON'),(10312,4170,111376,'US Boulogne Cote D\'Opale','BOU'),(11074,108893,111989,'AC Arles-Avignon','ARL'),(11076,8521,378,'Stade Brestois 29','BRE'),(11817,8576,614,'AC Ajaccio','AJA'),(11822,4087,111271,'vian Thonon Gaillard FC','ETG'),(11825,9836,110569,'Dijon FCO','DIJ'),(12587,9837,379,'Stade de Reims','REI'),(12594,7794,58,'SC Bastia','BAS'),(12595,10242,294,'ES Troyes AC','TRO'),(13343,9747,62,'En Avant de Guingamp','GUI'),(14106,8550,68,'FC Metz','MET'),(14868,8121,1530,'Angers SCO','ANG'),(14876,6391,110316,'GFC Ajaccio','GAJ'),(15617,9823,21,'FC Bayern Munich','BMU'),(15618,9790,28,'Hamburger SV','HAM'),(15619,8178,32,'Bayer 04 Leverkusen','LEV'),(15620,9789,22,'Borussia Dortmund','DOR'),(15621,10189,34,'FC Schalke 04','S04'),(15622,9904,485,'Hannover 96','HAN');
/*!40000 ALTER TABLE `Team` ENABLE KEYS */;
UNLOCK TABLES;

--
-- Table structure for table `Team_Attributes`
--

DROP TABLE IF EXISTS `Team_Attributes`;
/*!40101 SET @saved_cs_client     = @@character_set_client */;
/*!40101 SET character_set_client = utf8 */;
CREATE TABLE `Team_Attributes` (
  `id` int(11) DEFAULT NULL,
  `team_fifa_api_id` int(11) DEFAULT NULL,
  `team_api_id` int(11) DEFAULT NULL,
  `date` text,
  `buildUpPlaySpeed` int(11) DEFAULT NULL,
  `buildUpPlaySpeedClass` text,
  `buildUpPlayDribbling` int(11) DEFAULT NULL,
  `buildUpPlayDribblingClass` text,
  `buildUpPlayPassing` int(11) DEFAULT NULL,
  `buildUpPlayPassingClass` text,
  `buildUpPlayPositioningClass` text,
  `chanceCreationPassing` int(11) DEFAULT NULL,
  `chanceCreationPassingClass` text,
  `chanceCreationCrossing` int(11) DEFAULT NULL,
  `chanceCreationCrossingClass` text,
  `chanceCreationShooting` int(11) DEFAULT NULL,
  `chanceCreationShootingClass` text,
  `chanceCreationPositioningClass` text,
  `defencePressure` int(11) DEFAULT NULL,
  `defencePressureClass` text,
  `defenceAggression` int(11) DEFAULT NULL,
  `defenceAggressionClass` text,
  `defenceTeamWidth` int(11) DEFAULT NULL,
  `defenceTeamWidthClass` text,
  `defenceDefenderLineClass` text
) ENGINE=InnoDB DEFAULT CHARSET=utf8mb4;
/*!40101 SET character_set_client = @saved_cs_client */;

--
-- Dumping data for table `Team_Attributes`
--

LOCK TABLES `Team_Attributes` WRITE;
/*!40000 ALTER TABLE `Team_Attributes` DISABLE KEYS */;
INSERT INTO `Team_Attributes` VALUES (1,434,9930,'2010-02-22 00:00:00',60,'Balanced',0,'Little',50,'Mixed','Organised',60,'Normal',65,'Normal',55,'Normal','Organised',50,'Medium',55,'Press',45,'Normal','Cover'),(2,434,9930,'2014-09-19 00:00:00',52,'Balanced',48,'Normal',56,'Mixed','Organised',54,'Normal',63,'Normal',64,'Normal','Organised',47,'Medium',44,'Press',54,'Normal','Cover'),(3,434,9930,'2015-09-10 00:00:00',47,'Balanced',41,'Normal',54,'Mixed','Organised',54,'Normal',63,'Normal',64,'Normal','Organised',47,'Medium',44,'Press',54,'Normal','Cover'),(4,77,8485,'2010-02-22 00:00:00',70,'Fast',0,'Little',70,'Long','Organised',70,'Risky',70,'Lots',70,'Lots','Organised',60,'Medium',70,'Double',70,'Wide','Cover'),(5,77,8485,'2011-02-22 00:00:00',47,'Balanced',0,'Little',52,'Mixed','Organised',53,'Normal',48,'Normal',52,'Normal','Organised',47,'Medium',47,'Press',52,'Normal','Cover'),(6,77,8485,'2012-02-22 00:00:00',58,'Balanced',0,'Little',62,'Mixed','Organised',45,'Normal',70,'Lots',55,'Normal','Organised',40,'Medium',40,'Press',60,'Normal','Cover'),(7,77,8485,'2013-09-20 00:00:00',62,'Balanced',0,'Little',45,'Mixed','Organised',40,'Normal',50,'Normal',55,'Normal','Organised',42,'Medium',42,'Press',60,'Normal','Cover'),(8,77,8485,'2014-09-19 00:00:00',58,'Balanced',64,'Normal',62,'Mixed','Organised',56,'Normal',68,'Lots',57,'Normal','Organised',41,'Medium',42,'Press',60,'Normal','Cover'),(9,77,8485,'2015-09-10 00:00:00',59,'Balanced',64,'Normal',53,'Mixed','Organised',51,'Normal',72,'Lots',63,'Normal','Free Form',49,'Medium',45,'Press',63,'Normal','Cover'),(10,614,8576,'2010-02-22 00:00:00',60,'Balanced',0,'Little',40,'Mixed','Organised',45,'Normal',35,'Normal',55,'Normal','Organised',30,'Deep',70,'Double',30,'Narrow','Offside Trap'),(11,614,8576,'2011-02-22 00:00:00',65,'Balanced',0,'Little',45,'Mixed','Organised',65,'Normal',65,'Normal',50,'Normal','Organised',45,'Medium',45,'Press',50,'Normal','Cover'),(12,614,8576,'2012-02-22 00:00:00',59,'Balanced',0,'Little',52,'Mixed','Organised',48,'Normal',34,'Normal',52,'Normal','Organised',38,'Medium',47,'Press',53,'Normal','Cover'),(13,614,8576,'2013-09-20 00:00:00',59,'Balanced',0,'Little',52,'Mixed','Organised',48,'Normal',34,'Normal',52,'Normal','Organised',38,'Medium',47,'Press',53,'Normal','Cover'),(14,614,8576,'2014-09-19 00:00:00',59,'Balanced',57,'Normal',52,'Mixed','Organised',48,'Normal',38,'Normal',52,'Normal','Organised',38,'Medium',47,'Press',53,'Normal','Cover'),(15,614,8576,'2015-09-10 00:00:00',59,'Balanced',57,'Normal',52,'Mixed','Organised',48,'Normal',38,'Normal',52,'Normal','Organised',38,'Medium',47,'Press',53,'Normal','Cover'),(16,47,8564,'2010-02-22 00:00:00',45,'Balanced',0,'Little',30,'Short','Free Form',55,'Normal',45,'Normal',70,'Lots','Free Form',30,'Deep',35,'Press',60,'Normal','Offside Trap'),(17,47,8564,'2011-02-22 00:00:00',65,'Balanced',0,'Little',50,'Mixed','Organised',50,'Normal',60,'Normal',50,'Normal','Free Form',50,'Medium',50,'Press',50,'Normal','Offside Trap'),(18,47,8564,'2012-02-22 00:00:00',45,'Balanced',0,'Little',50,'Mixed','Organised',65,'Normal',20,'Little',50,'Normal','Free Form',45,'Medium',45,'Press',50,'Normal','Cover'),(19,47,8564,'2013-09-20 00:00:00',48,'Balanced',0,'Little',54,'Mixed','Organised',51,'Normal',53,'Normal',64,'Normal','Free Form',48,'Medium',49,'Press',53,'Normal','Cover'),(20,47,8564,'2014-09-19 00:00:00',48,'Balanced',70,'Lots',52,'Mixed','Organised',66,'Normal',36,'Normal',75,'Lots','Organised',58,'Medium',57,'Press',49,'Normal','Cover'),(21,47,8564,'2015-09-10 00:00:00',48,'Balanced',70,'Lots',52,'Mixed','Organised',66,'Normal',36,'Normal',69,'Lots','Organised',58,'Medium',57,'Press',49,'Normal','Cover'),(22,1901,10215,'2010-02-22 00:00:00',30,'Slow',0,'Little',30,'Short','Organised',50,'Normal',60,'Normal',55,'Normal','Organised',30,'Deep',30,'Contain',30,'Narrow','Offside Trap'),(23,1901,10215,'2011-02-22 00:00:00',30,'Slow',0,'Little',50,'Mixed','Organised',50,'Normal',50,'Normal',55,'Normal','Organised',30,'Deep',45,'Press',65,'Normal','Cover'),(24,1901,10215,'2012-02-22 00:00:00',45,'Balanced',0,'Little',44,'Mixed','Organised',55,'Normal',57,'Normal',60,'Normal','Organised',52,'Medium',38,'Press',61,'Normal','Cover'),(25,1901,10215,'2013-09-20 00:00:00',45,'Balanced',0,'Little',44,'Mixed','Organised',55,'Normal',57,'Normal',60,'Normal','Organised',52,'Medium',38,'Press',61,'Normal','Cover'),(26,1901,10215,'2014-09-19 00:00:00',52,'Balanced',53,'Normal',44,'Mixed','Organised',55,'Normal',51,'Normal',60,'Normal','Organised',39,'Medium',38,'Press',61,'Normal','Cover'),(27,1901,10215,'2015-09-10 00:00:00',53,'Balanced',53,'Normal',44,'Mixed','Organised',55,'Normal',51,'Normal',60,'Normal','Organised',39,'Medium',38,'Press',61,'Normal','Cover'),(28,650,10217,'2010-02-22 00:00:00',30,'Slow',0,'Little',35,'Mixed','Organised',30,'Safe',50,'Normal',65,'Normal','Organised',30,'Deep',30,'Contain',30,'Narrow','Cover'),(29,650,10217,'2011-02-22 00:00:00',53,'Balanced',0,'Little',53,'Mixed','Organised',48,'Normal',67,'Lots',66,'Normal','Organised',46,'Medium',62,'Press',65,'Normal','Cover'),(30,650,10217,'2012-02-22 00:00:00',38,'Balanced',0,'Little',44,'Mixed','Organised',55,'Normal',60,'Normal',44,'Normal','Organised',50,'Medium',58,'Press',62,'Normal','Cover'),(31,650,10217,'2013-09-20 00:00:00',38,'Balanced',0,'Little',47,'Mixed','Organised',55,'Normal',55,'Normal',44,'Normal','Organised',50,'Medium',58,'Press',52,'Normal','Cover'),(32,650,10217,'2014-09-19 00:00:00',58,'Balanced',47,'Normal',55,'Mixed','Organised',55,'Normal',52,'Normal',44,'Normal','Organised',57,'Medium',50,'Press',52,'Normal','Cover'),(33,650,10217,'2015-09-10 00:00:00',56,'Balanced',40,'Normal',66,'Mixed','Organised',55,'Normal',52,'Normal',38,'Normal','Organised',40,'Medium',50,'Press',52,'Normal','Cover'),(34,245,8593,'2010-02-22 00:00:00',30,'Slow',0,'Little',30,'Short','Free Form',50,'Normal',60,'Normal',70,'Lots','Organised',30,'Deep',30,'Contain',30,'Narrow','Cover'),(35,245,8593,'2011-02-22 00:00:00',40,'Balanced',0,'Little',38,'Mixed','Free Form',67,'Risky',65,'Normal',67,'Lots','Organised',65,'Medium',57,'Press',63,'Normal','Cover'),(36,245,8593,'2012-02-22 00:00:00',31,'Slow',0,'Little',33,'Short','Organised',39,'Normal',64,'Normal',46,'Normal','Free Form',68,'High',65,'Press',60,'Normal','Cover'),(37,245,8593,'2013-09-20 00:00:00',35,'Balanced',0,'Little',33,'Short','Free Form',39,'Normal',52,'Normal',46,'Normal','Free Form',68,'High',65,'Press',50,'Normal','Cover'),(38,245,8593,'2014-09-19 00:00:00',40,'Balanced',40,'Normal',30,'Short','Organised',51,'Normal',55,'Normal',39,'Normal','Free Form',64,'Medium',53,'Press',64,'Normal','Cover'),(39,245,8593,'2015-09-10 00:00:00',35,'Balanced',43,'Normal',39,'Mixed','Organised',58,'Normal',55,'Normal',30,'Little','Free Form',64,'Medium',53,'Press',59,'Normal','Cover'),(40,1861,9865,'2010-02-22 00:00:00',65,'Balanced',0,'Little',45,'Mixed','Organised',45,'Normal',45,'Normal',70,'Lots','Organised',70,'High',65,'Press',30,'Narrow','Cover'),(41,1861,9865,'2011-02-22 00:00:00',55,'Balanced',0,'Little',53,'Mixed','Organised',57,'Normal',54,'Normal',69,'Lots','Organised',58,'Medium',68,'Double',67,'Wide','Cover'),(42,1861,9865,'2012-02-22 00:00:00',42,'Balanced',0,'Little',70,'Long','Organised',57,'Normal',54,'Normal',40,'Normal','Organised',37,'Medium',53,'Press',45,'Normal','Cover'),(43,1861,9865,'2013-09-20 00:00:00',46,'Balanced',0,'Little',65,'Mixed','Organised',57,'Normal',54,'Normal',40,'Normal','Organised',37,'Medium',53,'Press',45,'Normal','Cover'),(44,1861,9865,'2014-09-19 00:00:00',46,'Balanced',41,'Normal',65,'Mixed','Organised',57,'Normal',54,'Normal',40,'Normal','Organised',37,'Medium',53,'Press',45,'Normal','Cover'),(45,1861,9865,'2015-09-10 00:00:00',46,'Balanced',41,'Normal',65,'Mixed','Organised',57,'Normal',54,'Normal',40,'Normal','Organised',37,'Medium',53,'Press',45,'Normal','Cover'),(46,229,8635,'2010-02-22 00:00:00',50,'Balanced',0,'Little',35,'Mixed','Organised',70,'Risky',50,'Normal',60,'Normal','Organised',70,'High',50,'Press',70,'Wide','Cover'),(47,229,8635,'2011-02-22 00:00:00',50,'Balanced',0,'Little',52,'Mixed','Free Form',70,'Risky',50,'Normal',60,'Normal','Organised',70,'High',50,'Press',70,'Wide','Offside Trap'),(48,229,8635,'2012-02-22 00:00:00',52,'Balanced',0,'Little',41,'Mixed','Organised',53,'Normal',57,'Normal',47,'Normal','Organised',45,'Medium',43,'Press',52,'Normal','Cover'),(49,229,8635,'2013-09-20 00:00:00',52,'Balanced',0,'Little',41,'Mixed','Organised',68,'Risky',67,'Lots',47,'Normal','Organised',60,'Medium',43,'Press',65,'Normal','Cover'),(50,229,8635,'2014-09-19 00:00:00',52,'Balanced',46,'Normal',51,'Mixed','Organised',60,'Normal',53,'Normal',47,'Normal','Organised',60,'Medium',50,'Press',65,'Normal','Cover'),(51,229,8635,'2015-09-10 00:00:00',52,'Balanced',46,'Normal',51,'Mixed','Organised',60,'Normal',53,'Normal',47,'Normal','Organised',53,'Medium',50,'Press',61,'Normal','Cover'),(52,1530,8121,'2010-02-22 00:00:00',45,'Balanced',0,'Little',35,'Mixed','Organised',35,'Normal',50,'Normal',60,'Normal','Organised',30,'Deep',55,'Press',30,'Narrow','Offside Trap'),(53,1530,8121,'2011-02-22 00:00:00',65,'Balanced',0,'Little',50,'Mixed','Organised',50,'Normal',65,'Normal',65,'Normal','Organised',45,'Medium',45,'Press',50,'Normal','Cover'),(54,1530,8121,'2012-02-22 00:00:00',50,'Balanced',0,'Little',50,'Mixed','Organised',52,'Normal',52,'Normal',48,'Normal','Organised',44,'Medium',44,'Press',51,'Normal','Cover'),(55,1530,8121,'2013-09-20 00:00:00',50,'Balanced',0,'Little',50,'Mixed','Organised',52,'Normal',52,'Normal',48,'Normal','Organised',44,'Medium',44,'Press',51,'Normal','Cover'),(56,1530,8121,'2014-09-19 00:00:00',48,'Balanced',61,'Normal',50,'Mixed','Organised',40,'Normal',52,'Normal',48,'Normal','Organised',44,'Medium',44,'Press',51,'Normal','Cover'),(57,1530,8121,'2015-09-10 00:00:00',48,'Balanced',61,'Normal',50,'Mixed','Organised',40,'Normal',52,'Normal',48,'Normal','Organised',44,'Medium',44,'Press',51,'Normal','Cover'),(58,111082,8322,'2010-02-22 00:00:00',30,'Slow',0,'Little',45,'Mixed','Organised',45,'Normal',35,'Normal',70,'Lots','Organised',65,'Medium',70,'Double',70,'Wide','Cover'),(59,111082,8322,'2011-02-22 00:00:00',46,'Balanced',0,'Little',37,'Mixed','Organised',33,'Safe',62,'Normal',52,'Normal','Organised',47,'Medium',48,'Press',45,'Normal','Cover'),(60,111989,108893,'2010-02-22 00:00:00',50,'Balanced',0,'Little',65,'Mixed','Organised',30,'Safe',35,'Normal',30,'Little','Organised',30,'Deep',50,'Press',35,'Normal','Cover'),(61,111989,108893,'2011-02-22 00:00:00',50,'Balanced',0,'Little',65,'Mixed','Organised',35,'Normal',35,'Normal',35,'Normal','Organised',25,'Deep',45,'Press',35,'Normal','Cover'),(62,111989,108893,'2012-02-22 00:00:00',23,'Slow',0,'Little',33,'Short','Organised',49,'Normal',40,'Normal',43,'Normal','Organised',44,'Medium',32,'Contain',36,'Normal','Cover'),(63,111989,108893,'2013-09-20 00:00:00',41,'Balanced',0,'Little',48,'Mixed','Organised',58,'Normal',40,'Normal',43,'Normal','Organised',39,'Medium',43,'Press',58,'Normal','Cover'),(64,111989,108893,'2014-09-19 00:00:00',39,'Balanced',48,'Normal',54,'Mixed','Organised',49,'Normal',40,'Normal',43,'Normal','Organised',44,'Medium',53,'Press',57,'Normal','Cover'),(65,111989,108893,'2015-09-10 00:00:00',56,'Balanced',46,'Normal',54,'Mixed','Organised',55,'Normal',40,'Normal',43,'Normal','Organised',48,'Medium',53,'Press',57,'Normal','Cover'),(66,159,9912,'2010-02-22 00:00:00',40,'Balanced',0,'Little',65,'Mixed','Organised',45,'Normal',70,'Lots',50,'Normal','Organised',45,'Medium',40,'Press',50,'Normal','Cover'),(67,159,9912,'2011-02-22 00:00:00',46,'Balanced',0,'Little',58,'Mixed','Organised',45,'Normal',33,'Little',42,'Normal','Organised',38,'Medium',48,'Press',50,'Normal','Cover'),(68,159,9912,'2014-09-19 00:00:00',62,'Balanced',49,'Normal',55,'Mixed','Organised',56,'Normal',51,'Normal',52,'Normal','Organised',36,'Medium',54,'Press',48,'Normal','Cover'),(69,112513,158085,'2014-09-19 00:00:00',69,'Fast',66,'Normal',39,'Mixed','Organised',55,'Normal',59,'Normal',46,'Normal','Organised',35,'Medium',37,'Press',37,'Normal','Cover'),(70,112513,158085,'2015-09-10 00:00:00',65,'Balanced',66,'Normal',39,'Mixed','Organised',55,'Normal',59,'Normal',46,'Normal','Organised',37,'Medium',39,'Press',37,'Normal','Cover'),(71,1,9825,'2010-02-22 00:00:00',66,'Balanced',0,'Little',30,'Short','Free Form',30,'Safe',45,'Normal',35,'Normal','Free Form',30,'Deep',40,'Press',50,'Normal','Cover'),(72,1,9825,'2011-02-22 00:00:00',75,'Fast',0,'Little',40,'Mixed','Free Form',40,'Normal',45,'Normal',65,'Normal','Free Form',50,'Medium',40,'Press',45,'Normal','Cover'),(73,1,9825,'2012-02-22 00:00:00',25,'Slow',0,'Little',32,'Short','Organised',41,'Normal',34,'Normal',30,'Little','Free Form',57,'Medium',57,'Press',52,'Normal','Cover'),(74,1,9825,'2013-09-20 00:00:00',30,'Slow',0,'Little',29,'Short','Organised',41,'Normal',55,'Normal',39,'Normal','Free Form',64,'Medium',54,'Press',52,'Normal','Cover'),(75,1,9825,'2014-09-19 00:00:00',59,'Balanced',51,'Normal',26,'Short','Organised',28,'Safe',55,'Normal',64,'Normal','Free Form',51,'Medium',44,'Press',52,'Normal','Cover'),(76,1,9825,'2015-09-10 00:00:00',59,'Balanced',51,'Normal',30,'Short','Organised',28,'Safe',44,'Normal',46,'Normal','Free Form',51,'Medium',44,'Press',52,'Normal','Cover'),(77,2,10252,'2010-02-22 00:00:00',70,'Fast',0,'Little',59,'Mixed','Organised',65,'Normal',70,'Lots',50,'Normal','Free Form',30,'Deep',70,'Double',30,'Narrow','Cover'),(78,2,10252,'2011-02-22 00:00:00',65,'Balanced',0,'Little',50,'Mixed','Organised',45,'Normal',55,'Normal',50,'Normal','Organised',35,'Medium',45,'Press',65,'Normal','Cover'),(79,2,10252,'2012-02-22 00:00:00',67,'Fast',0,'Little',58,'Mixed','Organised',44,'Normal',60,'Normal',56,'Normal','Organised',43,'Medium',50,'Press',52,'Normal','Cover'),(80,2,10252,'2013-09-20 00:00:00',63,'Balanced',0,'Little',59,'Mixed','Organised',52,'Normal',55,'Normal',34,'Normal','Organised',39,'Medium',41,'Press',54,'Normal','Cover'),(81,2,10252,'2014-09-19 00:00:00',66,'Balanced',32,'Little',72,'Long','Organised',63,'Normal',48,'Normal',56,'Normal','Organised',39,'Medium',42,'Press',52,'Normal','Cover'),(82,2,10252,'2015-09-10 00:00:00',63,'Balanced',37,'Normal',54,'Mixed','Organised',60,'Normal',48,'Normal',38,'Normal','Organised',35,'Medium',44,'Press',54,'Normal','Cover'),(83,39,8524,'2010-02-22 00:00:00',35,'Balanced',0,'Little',40,'Mixed','Organised',35,'Normal',30,'Little',55,'Normal','Organised',30,'Deep',30,'Contain',55,'Normal','Offside Trap'),(84,39,8524,'2011-02-22 00:00:00',65,'Balanced',0,'Little',50,'Mixed','Organised',50,'Normal',65,'Normal',55,'Normal','Organised',45,'Medium',55,'Press',65,'Normal','Cover'),(85,39,8524,'2012-02-22 00:00:00',40,'Balanced',0,'Little',50,'Mixed','Organised',53,'Normal',47,'Normal',50,'Normal','Organised',55,'Medium',42,'Press',50,'Normal','Cover'),(86,39,8524,'2013-09-20 00:00:00',64,'Balanced',0,'Little',36,'Mixed','Organised',38,'Normal',49,'Normal',51,'Normal','Free Form',54,'Medium',53,'Press',49,'Normal','Cover'),(87,39,8524,'2014-09-19 00:00:00',64,'Balanced',45,'Normal',37,'Mixed','Organised',38,'Normal',49,'Normal',51,'Normal','Organised',36,'Medium',66,'Press',49,'Normal','Cover'),(88,39,8524,'2015-09-10 00:00:00',64,'Balanced',45,'Normal',37,'Mixed','Organised',38,'Normal',49,'Normal',51,'Normal','Organised',36,'Medium',63,'Press',49,'Normal','Cover'),(89,448,8315,'2010-02-22 00:00:00',60,'Balanced',0,'Little',45,'Mixed','Organised',35,'Normal',70,'Lots',55,'Normal','Organised',30,'Deep',70,'Double',35,'Normal','Cover'),(90,448,8315,'2011-02-22 00:00:00',70,'Fast',0,'Little',69,'Long','Organised',55,'Normal',72,'Lots',57,'Normal','Organised',48,'Medium',67,'Double',55,'Normal','Cover'),(91,448,8315,'2012-02-22 00:00:00',42,'Balanced',0,'Little',59,'Mixed','Organised',36,'Normal',78,'Lots',59,'Normal','Organised',37,'Medium',60,'Press',68,'Wide','Cover'),(92,448,8315,'2013-09-20 00:00:00',46,'Balanced',0,'Little',38,'Mixed','Organised',52,'Normal',73,'Lots',37,'Normal','Free Form',37,'Medium',60,'Press',68,'Wide','Cover'),(93,448,8315,'2014-09-19 00:00:00',46,'Balanced',41,'Normal',38,'Mixed','Organised',52,'Normal',68,'Lots',37,'Normal','Organised',37,'Medium',60,'Press',65,'Normal','Cover'),(94,448,8315,'2015-09-10 00:00:00',46,'Balanced',46,'Normal',39,'Mixed','Organised',50,'Normal',60,'Normal',36,'Normal','Free Form',49,'Medium',57,'Press',50,'Normal','Cover'),(95,240,9906,'2010-02-22 00:00:00',64,'Balanced',0,'Little',30,'Short','Free Form',65,'Normal',50,'Normal',70,'Lots','Free Form',70,'High',34,'Press',55,'Normal','Offside Trap'),(96,240,9906,'2011-02-22 00:00:00',57,'Balanced',0,'Little',54,'Mixed','Organised',58,'Normal',69,'Lots',79,'Lots','Organised',58,'Medium',48,'Press',54,'Normal','Cover'),(97,240,9906,'2012-02-22 00:00:00',47,'Balanced',0,'Little',51,'Mixed','Organised',67,'Risky',63,'Normal',54,'Normal','Organised',52,'Medium',37,'Press',55,'Normal','Cover'),(98,240,9906,'2013-09-20 00:00:00',47,'Balanced',0,'Little',51,'Mixed','Organised',70,'Risky',65,'Normal',54,'Normal','Organised',52,'Medium',37,'Press',55,'Normal','Cover'),(99,240,9906,'2014-09-19 00:00:00',47,'Balanced',52,'Normal',51,'Mixed','Organised',67,'Risky',67,'Lots',54,'Normal','Organised',52,'Medium',37,'Press',55,'Normal','Cover'),(100,240,9906,'2015-09-10 00:00:00',57,'Balanced',50,'Normal',50,'Mixed','Organised',61,'Normal',62,'Normal',49,'Normal','Organised',49,'Medium',42,'Press',52,'Normal','Cover');
/*!40000 ALTER TABLE `Team_Attributes` ENABLE KEYS */;
UNLOCK TABLES;

--
-- Table structure for table `sqlite_sequence`
--

DROP TABLE IF EXISTS `sqlite_sequence`;
/*!40101 SET @saved_cs_client     = @@character_set_client */;
/*!40101 SET character_set_client = utf8 */;
CREATE TABLE `sqlite_sequence` (
  `name` blob,
  `seq` blob
) ENGINE=InnoDB DEFAULT CHARSET=utf8mb4;
/*!40101 SET character_set_client = @saved_cs_client */;

--
-- Dumping data for table `sqlite_sequence`
--

LOCK TABLES `sqlite_sequence` WRITE;
/*!40000 ALTER TABLE `sqlite_sequence` DISABLE KEYS */;
INSERT INTO `sqlite_sequence` VALUES ('Team','103916'),('Country','51958'),('League','51958'),('Match','51958'),('Player','11075'),('Player_Attributes','183978'),('Team_Attributes','1458');
/*!40000 ALTER TABLE `sqlite_sequence` ENABLE KEYS */;
UNLOCK TABLES;
/*!40103 SET TIME_ZONE=@OLD_TIME_ZONE */;

/*!40101 SET SQL_MODE=@OLD_SQL_MODE */;
/*!40014 SET FOREIGN_KEY_CHECKS=@OLD_FOREIGN_KEY_CHECKS */;
/*!40014 SET UNIQUE_CHECKS=@OLD_UNIQUE_CHECKS */;
/*!40101 SET CHARACTER_SET_CLIENT=@OLD_CHARACTER_SET_CLIENT */;
/*!40101 SET CHARACTER_SET_RESULTS=@OLD_CHARACTER_SET_RESULTS */;
/*!40101 SET COLLATION_CONNECTION=@OLD_COLLATION_CONNECTION */;
/*!40111 SET SQL_NOTES=@OLD_SQL_NOTES */;

-- Dump completed on 2018-09-08 22:53:52
